athlete_id,date,week,distance_m,moving_time_s,elev_gain_m,activities,source,synced_at
100035100,2026-09-20,2026-09-14,88060.0,31066,322.0,6,profile,2026-10-01T08:53:55+00:00
100084812,2026-09-20,2026-09-14,8600.0,3606,133.0,3,profile,2026-10-01T08:53:55+00:00
100260722,2026-09-20,2026-09-14,2790.0,779,0,2,profile,2026-10-01T08:53:55+00:00
100332682,2026-09-20,2026-09-14,8830.0,3447,0,2,profile,2026-10-01T08:53:55+00:00
100754249,2026-09-20,2026-09-14,4930.0,2337,103.0,1,profile,2026-10-01T08:53:55+00:00
101150170,2026-09-20,2026-09-14,4040.0,1837,90.0,1,profile,2026-10-01T08:53:55+00:00
1021407993,2026-09-20,2026-09-14,6960.0,3247,65.0,2,profile,2026-10-01T08:53:55+00:00
1022493371,2026-09-20,2026-09-14,4000.0,7200,0,1,profile,2026-10-01T08:53:55+00:00
10265375,2026-09-20,2026-09-14,9460.0,3938,0,3,profile,2026-10-01T08:53:55+00:00
1032853960,2026-09-20,2026-09-14,2570.0,1595,47.0,3,profile,2026-10-01T08:53:55+00:00
104519856,2026-09-20,2026-09-14,7330.0,2858,109.0,2,profile,2026-10-01T08:53:55+00:00
1045617027,2026-09-20,2026-09-14,850.0,253,0,1,profile,2026-10-01T08:53:55+00:00
1045810176,2026-09-20,2026-09-14,9140.0,5875,0,2,profile,2026-10-01T08:53:55+00:00
104744760,2026-09-20,2026-09-14,20670.0,8976,71.0,5,profile,2026-10-01T08:53:55+00:00
10480079,2026-09-20,2026-09-14,4020.0,1417,0,1,profile,2026-10-01T08:53:55+00:00
1052869810,2026-09-20,2026-09-14,3720.0,1877,80.0,1,profile,2026-10-01T08:53:55+00:00
1055628642,2026-09-20,2026-09-14,9010.0,3968,0,3,profile,2026-10-01T08:53:55+00:00
1062319036,2026-09-20,2026-09-14,15210.0,4964,0,4,profile,2026-10-01T08:53:55+00:00
106645250,2026-09-20,2026-09-14,3000.0,924,0,1,profile,2026-10-01T08:53:55+00:00
106746059,2026-09-20,2026-09-14,500.0,348,18.0,1,profile,2026-10-01T08:53:55+00:00
1067583320,2026-09-20,2026-09-14,5090.0,2367,88.0,2,profile,2026-10-01T08:53:55+00:00
107612077,2026-09-20,2026-09-14,8320.0,3512,92.0,2,profile,2026-10-01T08:53:55+00:00
108546052,2026-09-20,2026-09-14,15310.0,4544,352.0,3,profile,2026-10-01T08:53:55+00:00
1086971582,2026-09-20,2026-09-14,5010.0,1751,112.0,1,profile,2026-10-01T08:53:55+00:00
108739043,2026-09-20,2026-09-14,8000.0,3647,64.0,3,profile,2026-10-01T08:53:55+00:00
1100643471,2026-09-20,2026-09-14,5620.0,2912,74.0,2,profile,2026-10-01T08:53:55+00:00
110613308,2026-09-20,2026-09-14,22140.0,10465,0,4,profile,2026-10-01T08:53:55+00:00
110727058,2026-09-20,2026-09-14,65560.0,30099,30.0,10,profile,2026-10-01T08:53:55+00:00
110858656,2026-09-20,2026-09-14,3170.0,1175,0,2,profile,2026-10-01T08:53:55+00:00
1112085991,2026-09-20,2026-09-14,4580.0,1823,105.0,1,profile,2026-10-01T08:53:55+00:00
1116840817,2026-09-20,2026-09-14,5030.0,2314,93.0,2,profile,2026-10-01T08:53:55+00:00
112728077,2026-09-20,2026-09-14,9260.0,3703,0,2,profile,2026-10-01T08:53:55+00:00
113360205,2026-09-20,2026-09-14,4000.0,1494,86.0,1,profile,2026-10-01T08:53:55+00:00
1136557280,2026-09-20,2026-09-14,2970.0,1264,0,2,profile,2026-10-01T08:53:55+00:00
114848114,2026-09-20,2026-09-14,2400.0,734,0,1,profile,2026-10-01T08:53:55+00:00
115074455,2026-09-20,2026-09-14,4320.0,3545,3.0,3,profile,2026-10-01T08:53:55+00:00
115077579,2026-09-20,2026-09-14,3450.0,1675,309.0,1,profile,2026-10-01T08:53:55+00:00
115844534,2026-09-20,2026-09-14,4970.0,1592,0,1,profile,2026-10-01T08:53:55+00:00
116168250,2026-09-20,2026-09-14,5340.0,2513,0,3,profile,2026-10-01T08:53:55+00:00
1163583894,2026-09-20,2026-09-14,2990.0,2508,38.0,1,profile,2026-10-01T08:53:55+00:00
116527976,2026-09-20,2026-09-14,6120.0,2292,69.0,2,profile,2026-10-01T08:53:55+00:00
11683865,2026-09-20,2026-09-14,11120.0,3720,0,1,profile,2026-10-01T08:53:55+00:00
1184452071,2026-09-20,2026-09-14,6720.0,3897,0,2,profile,2026-10-01T08:53:55+00:00
1187293869,2026-09-20,2026-09-14,7340.0,3014,111.0,2,profile,2026-10-01T08:53:55+00:00
118781050,2026-09-20,2026-09-14,11940.0,4600,0,3,profile,2026-10-01T08:53:55+00:00
1195981575,2026-09-20,2026-09-14,4070.0,1308,87.0,1,profile,2026-10-01T08:53:55+00:00
119629570,2026-09-20,2026-09-14,3280.0,9494,0,3,profile,2026-10-01T08:53:55+00:00
120401037,2026-09-20,2026-09-14,15540.0,6171,209.0,4,profile,2026-10-01T08:53:55+00:00
120477487,2026-09-20,2026-09-14,8230.0,3796,190.0,2,profile,2026-10-01T08:53:55+00:00
120662764,2026-09-20,2026-09-14,4000.0,2575,85.0,1,profile,2026-10-01T08:53:55+00:00
1210065351,2026-09-20,2026-09-14,3320.0,1519,68.0,1,profile,2026-10-01T08:53:55+00:00
1225964204,2026-09-20,2026-09-14,4000.0,1800,0,1,profile,2026-10-01T08:53:55+00:00
122674914,2026-09-20,2026-09-14,14360.0,5374,152.0,4,profile,2026-10-01T08:53:55+00:00
123426273,2026-09-20,2026-09-14,5880.0,4276,78.0,2,profile,2026-10-01T08:53:55+00:00
123739150,2026-09-20,2026-09-14,14790.0,5178,102.0,3,profile,2026-10-01T08:53:55+00:00
124271794,2026-09-20,2026-09-14,5210.0,1783,114.0,1,profile,2026-10-01T08:53:55+00:00
1254453117,2026-09-20,2026-09-14,7020.0,3369,116.0,2,profile,2026-10-01T08:53:55+00:00
1263543943,2026-09-20,2026-09-14,4000.0,1800,0,1,profile,2026-10-01T08:53:55+00:00
1264472785,2026-09-20,2026-09-14,10310.0,3848,91.0,2,profile,2026-10-01T08:53:55+00:00
1266885889,2026-09-20,2026-09-14,0,11,0,1,profile,2026-10-01T08:53:55+00:00
1268235870,2026-09-20,2026-09-14,6910.0,3720,101.0,2,profile,2026-10-01T08:53:55+00:00
126913964,2026-09-20,2026-09-14,5070.0,1911,0,1,profile,2026-10-01T08:53:55+00:00
127939240,2026-09-20,2026-09-14,52130.0,33024,628.0,27,profile,2026-10-01T08:53:55+00:00
128170970,2026-09-20,2026-09-14,2000.0,953,0,1,profile,2026-10-01T08:53:55+00:00
128205328,2026-09-20,2026-09-14,8510.0,2955,0,2,profile,2026-10-01T08:53:55+00:00
132628474,2026-09-20,2026-09-14,3210.0,1104,65.0,2,profile,2026-10-01T08:53:55+00:00
133017837,2026-09-20,2026-09-14,9090.0,3095,0,2,profile,2026-10-01T08:53:55+00:00
1331939347,2026-09-20,2026-09-14,13270.0,5914,151.0,4,profile,2026-10-01T08:53:55+00:00
133470756,2026-09-20,2026-09-14,10410.0,4120,106.0,3,profile,2026-10-01T08:53:55+00:00
135809326,2026-09-20,2026-09-14,9220.0,3658,100.0,2,profile,2026-10-01T08:53:55+00:00
136348773,2026-09-20,2026-09-14,4110.0,1860,89.0,1,profile,2026-10-01T08:53:55+00:00
1365350239,2026-09-20,2026-09-14,2500.0,1982,28.0,1,profile,2026-10-01T08:53:55+00:00
136696478,2026-09-20,2026-09-14,5690.0,2903,74.0,2,profile,2026-10-01T08:53:55+00:00
138151922,2026-09-20,2026-09-14,6820.0,3298,101.0,2,profile,2026-10-01T08:53:55+00:00
138950118,2026-09-20,2026-09-14,11190.0,4603,109.0,3,profile,2026-10-01T08:53:55+00:00
139521986,2026-09-20,2026-09-14,5750.0,3433,81.0,2,profile,2026-10-01T08:53:55+00:00
1400184214,2026-09-20,2026-09-14,10910.0,5595,70.0,3,profile,2026-10-01T08:53:55+00:00
140805267,2026-09-20,2026-09-14,9560.0,3369,0,3,profile,2026-10-01T08:53:55+00:00
141358214,2026-09-20,2026-09-14,15650.0,4796,0,3,profile,2026-10-01T08:53:55+00:00
141567060,2026-09-20,2026-09-14,2600.0,1178,53.0,1,profile,2026-10-01T08:53:55+00:00
142658674,2026-09-20,2026-09-14,5200.0,1880,0,1,profile,2026-10-01T08:53:55+00:00
143147118,2026-09-20,2026-09-14,6120.0,4103,0,2,profile,2026-10-01T08:53:55+00:00
143369719,2026-09-20,2026-09-14,6350.0,3082,116.0,2,profile,2026-10-01T08:53:55+00:00
1433924818,2026-09-20,2026-09-14,16920.0,11070,0,4,profile,2026-10-01T08:53:55+00:00
143906121,2026-09-20,2026-09-14,15950.0,6208,83.0,2,profile,2026-10-01T08:53:55+00:00
144127293,2026-09-20,2026-09-14,10160.0,5700,0,1,profile,2026-10-01T08:53:55+00:00
1447891160,2026-09-20,2026-09-14,8570.0,3496,97.0,2,profile,2026-10-01T08:53:55+00:00
145487234,2026-09-20,2026-09-14,2460.0,1125,50.0,1,profile,2026-10-01T08:53:55+00:00
145639218,2026-09-20,2026-09-14,36150.0,15814,144.0,7,profile,2026-10-01T08:53:55+00:00
146502370,2026-09-20,2026-09-14,21610.0,6365,244.0,2,profile,2026-10-01T08:53:55+00:00
1466791161,2026-09-20,2026-09-14,2440.0,1058,0,1,profile,2026-10-01T08:53:55+00:00
1467341794,2026-09-20,2026-09-14,11710.0,7791,143.0,10,profile,2026-10-01T08:53:55+00:00
1483511386,2026-09-20,2026-09-14,1670.0,610,0,1,profile,2026-10-01T08:53:55+00:00
148422429,2026-09-20,2026-09-14,8470.0,3319,0,2,profile,2026-10-01T08:53:55+00:00
1484419724,2026-09-20,2026-09-14,6500.0,2769,117.0,2,profile,2026-10-01T08:53:55+00:00
148683659,2026-09-20,2026-09-14,5930.0,3088,77.0,2,profile,2026-10-01T08:53:55+00:00
1490218349,2026-09-20,2026-09-14,4140.0,1836,91.0,1,profile,2026-10-01T08:53:55+00:00
150662631,2026-09-20,2026-09-14,21090.0,7436,0,5,profile,2026-10-01T08:53:55+00:00
150713780,2026-09-20,2026-09-14,4150.0,1743,89.0,1,profile,2026-10-01T08:53:55+00:00
150739400,2026-09-20,2026-09-14,7580.0,3255,0,3,profile,2026-10-01T08:53:55+00:00
15091569,2026-09-20,2026-09-14,23870.0,8716,0,4,profile,2026-10-01T08:53:55+00:00
151601377,2026-09-20,2026-09-14,7370.0,4015,159.0,2,profile,2026-10-01T08:53:55+00:00
151738622,2026-09-20,2026-09-14,12660.0,5587,0,3,profile,2026-10-01T08:53:55+00:00
151797732,2026-09-20,2026-09-14,11530.0,3741,66.0,2,profile,2026-10-01T08:53:55+00:00
151865501,2026-09-20,2026-09-14,11940.0,12132,3.0,5,profile,2026-10-01T08:53:55+00:00
152392967,2026-09-20,2026-09-14,6140.0,3395,78.0,2,profile,2026-10-01T08:53:55+00:00
1526822034,2026-09-20,2026-09-14,6720.0,3422,103.0,2,profile,2026-10-01T08:53:55+00:00
1527214507,2026-09-20,2026-09-14,4000.0,1800,0,1,profile,2026-10-01T08:53:55+00:00
153672632,2026-09-20,2026-09-14,890.0,460,0,1,profile,2026-10-01T08:53:55+00:00
154079240,2026-09-20,2026-09-14,4100.0,1789,90.0,1,profile,2026-10-01T08:53:55+00:00
154154947,2026-09-20,2026-09-14,7650.0,3431,109.0,2,profile,2026-10-01T08:53:55+00:00
1545319133,2026-09-20,2026-09-14,4000.0,1800,0,1,profile,2026-10-01T08:53:55+00:00
154618341,2026-09-20,2026-09-14,12000.0,4440,0,1,profile,2026-10-01T08:53:55+00:00
1547329003,2026-09-20,2026-09-14,29170.0,23712,199.0,12,profile,2026-10-01T08:53:55+00:00
155939935,2026-09-20,2026-09-14,4620.0,2690,0,1,profile,2026-10-01T08:53:55+00:00
1566906229,2026-09-20,2026-09-14,12440.0,6862,107.0,3,profile,2026-10-01T08:53:55+00:00
157502017,2026-09-20,2026-09-14,29450.0,12428,0,3,profile,2026-10-01T08:53:55+00:00
157900821,2026-09-20,2026-09-14,17540.0,8446,96.0,5,profile,2026-10-01T08:53:55+00:00
157934075,2026-09-20,2026-09-14,7030.0,3960,0,1,profile,2026-10-01T08:53:55+00:00
158225435,2026-09-20,2026-09-14,4000.0,1633,0,1,profile,2026-10-01T08:53:55+00:00
159220662,2026-09-20,2026-09-14,5160.0,1870,113.0,1,profile,2026-10-01T08:53:55+00:00
1598227059,2026-09-20,2026-09-14,7550.0,3193,123.0,2,profile,2026-10-01T08:53:55+00:00
160085499,2026-09-20,2026-09-14,5800.0,2063,0,2,profile,2026-10-01T08:53:55+00:00
160178967,2026-09-20,2026-09-14,4000.0,1800,0,1,profile,2026-10-01T08:53:55+00:00
1604453745,2026-09-20,2026-09-14,5000.0,1886,108.0,1,profile,2026-10-01T08:53:55+00:00
161108639,2026-09-20,2026-09-14,2510.0,846,0,1,profile,2026-10-01T08:53:55+00:00
161831314,2026-09-20,2026-09-14,10810.0,4274,195.0,4,profile,2026-10-01T08:53:55+00:00
162397498,2026-09-20,2026-09-14,4700.0,2331,92.0,1,profile,2026-10-01T08:53:55+00:00
1625670666,2026-09-20,2026-09-14,4000.0,1800,0,1,profile,2026-10-01T08:53:55+00:00
162695054,2026-09-20,2026-09-14,4540.0,1928,95.0,1,profile,2026-10-01T08:53:55+00:00
162779719,2026-09-20,2026-09-14,4470.0,1801,0,1,profile,2026-10-01T08:53:55+00:00
162966107,2026-09-20,2026-09-14,5020.0,1951,105.0,1,profile,2026-10-01T08:53:55+00:00
164759981,2026-09-20,2026-09-14,20730.0,21284,10.0,14,profile,2026-10-01T08:53:55+00:00
1658679384,2026-09-20,2026-09-14,6790.0,2632,0,5,profile,2026-10-01T08:53:55+00:00
167481803,2026-09-20,2026-09-14,36630.0,8785,0,6,profile,2026-10-01T08:53:55+00:00
167876473,2026-09-20,2026-09-14,2170.0,1516,46.0,1,profile,2026-10-01T08:53:55+00:00
1693285525,2026-09-20,2026-09-14,10200.0,4919,166.0,3,profile,2026-10-01T08:53:55+00:00
170122786,2026-09-20,2026-09-14,4620.0,2508,99.0,1,profile,2026-10-01T08:53:55+00:00
170250108,2026-09-20,2026-09-14,2620.0,1342,0,1,profile,2026-10-01T08:53:55+00:00
171043001,2026-09-20,2026-09-14,18150.0,6017,0,4,profile,2026-10-01T08:53:55+00:00
171074942,2026-09-20,2026-09-14,6020.0,2655,66.0,2,profile,2026-10-01T08:53:55+00:00
1715534922,2026-09-20,2026-09-14,10010.0,4800,0,1,profile,2026-10-01T08:53:55+00:00
171954993,2026-09-20,2026-09-14,2220.0,1099,73.0,1,profile,2026-10-01T08:53:55+00:00
172502861,2026-09-20,2026-09-14,5490.0,1829,108.0,1,profile,2026-10-01T08:53:55+00:00
172677290,2026-09-20,2026-09-14,2340.0,660,0,1,profile,2026-10-01T08:53:55+00:00
172978948,2026-09-20,2026-09-14,2460.0,622,73.0,1,profile,2026-10-01T08:53:55+00:00
173103307,2026-09-20,2026-09-14,6490.0,1976,0,2,profile,2026-10-01T08:53:55+00:00
173263106,2026-09-20,2026-09-14,4090.0,1481,85.0,1,profile,2026-10-01T08:53:55+00:00
1744500732,2026-09-20,2026-09-14,6290.0,2951,85.0,2,profile,2026-10-01T08:53:55+00:00
174491148,2026-09-20,2026-09-14,2090.0,625,0,1,profile,2026-10-01T08:53:55+00:00
174628006,2026-09-20,2026-09-14,14840.0,6164,263.0,4,profile,2026-10-01T08:53:55+00:00
1746450647,2026-09-20,2026-09-14,10430.0,5654,202.0,3,profile,2026-10-01T08:53:55+00:00
174687887,2026-09-20,2026-09-14,6500.0,2976,92.0,2,profile,2026-10-01T08:53:55+00:00
174765734,2026-09-20,2026-09-14,2600.0,1198,0,1,profile,2026-10-01T08:53:55+00:00
175467778,2026-09-20,2026-09-14,2110.0,1047,0,1,profile,2026-10-01T08:53:55+00:00
175752894,2026-09-20,2026-09-14,5600.0,2459,75.0,2,profile,2026-10-01T08:53:55+00:00
175797510,2026-09-20,2026-09-14,5010.0,2161,0,1,profile,2026-10-01T08:53:55+00:00
176110027,2026-09-20,2026-09-14,12280.0,4594,202.0,4,profile,2026-10-01T08:53:55+00:00
176997200,2026-09-20,2026-09-14,6050.0,2406,41.0,2,profile,2026-10-01T08:53:55+00:00
1771912550,2026-09-20,2026-09-14,10930.0,10283,99.0,3,profile,2026-10-01T08:53:55+00:00
177200721,2026-09-20,2026-09-14,10380.0,4171,155.0,3,profile,2026-10-01T08:53:55+00:00
1774908317,2026-09-20,2026-09-14,4030.0,2755,15.0,1,profile,2026-10-01T08:53:55+00:00
177612856,2026-09-20,2026-09-14,24350.0,7105,112.0,5,profile,2026-10-01T08:53:55+00:00
179989600,2026-09-20,2026-09-14,24770.0,14196,108.0,5,profile,2026-10-01T08:53:55+00:00
181000486,2026-09-20,2026-09-14,12150.0,4678,107.0,3,profile,2026-10-01T08:53:55+00:00
183732476,2026-09-20,2026-09-14,3450.0,1809,75.0,1,profile,2026-10-01T08:53:55+00:00
184003811,2026-09-20,2026-09-14,11360.0,5358,0,3,profile,2026-10-01T08:53:55+00:00
18447136,2026-09-20,2026-09-14,3290.0,1055,0,1,profile,2026-10-01T08:53:55+00:00
1847934457,2026-09-20,2026-09-14,2190.0,1264,0,2,profile,2026-10-01T08:53:55+00:00
1856298974,2026-09-20,2026-09-14,2790.0,1045,0,1,profile,2026-10-01T08:53:55+00:00
186300263,2026-09-20,2026-09-14,9690.0,3060,0,2,profile,2026-10-01T08:53:55+00:00
187312771,2026-09-20,2026-09-14,5050.0,1631,0,1,profile,2026-10-01T08:53:55+00:00
1884997278,2026-09-20,2026-09-14,6010.0,2588,88.0,2,profile,2026-10-01T08:53:55+00:00
188794616,2026-09-20,2026-09-14,6490.0,2531,0,2,profile,2026-10-01T08:53:55+00:00
189013681,2026-09-20,2026-09-14,5970.0,2564,79.0,2,profile,2026-10-01T08:53:55+00:00
189069646,2026-09-20,2026-09-14,17620.0,7513,357.0,6,profile,2026-10-01T08:53:55+00:00
189282346,2026-09-20,2026-09-14,2730.0,788,0,1,profile,2026-10-01T08:53:55+00:00
189299082,2026-09-20,2026-09-14,9100.0,4598,0,2,profile,2026-10-01T08:53:55+00:00
189552040,2026-09-20,2026-09-14,2770.0,1500,0,1,profile,2026-10-01T08:53:55+00:00
190439145,2026-09-20,2026-09-14,4500.0,1546,0,1,profile,2026-10-01T08:53:55+00:00
190591166,2026-09-20,2026-09-14,4020.0,1686,86.0,1,profile,2026-10-01T08:53:55+00:00
1911026649,2026-09-20,2026-09-14,5170.0,4003,64.0,2,profile,2026-10-01T08:53:55+00:00
191332072,2026-09-20,2026-09-14,6930.0,2924,101.0,2,profile,2026-10-01T08:53:55+00:00
191683420,2026-09-20,2026-09-14,5180.0,2179,106.0,1,profile,2026-10-01T08:53:55+00:00
191683956,2026-09-20,2026-09-14,1860.0,977,0,2,profile,2026-10-01T08:53:55+00:00
191760333,2026-09-20,2026-09-14,6560.0,2534,0,2,profile,2026-10-01T08:53:55+00:00
191939928,2026-09-20,2026-09-14,6490.0,2842,102.0,2,profile,2026-10-01T08:53:55+00:00
192142661,2026-09-20,2026-09-14,17030.0,8520,185.0,6,profile,2026-10-01T08:53:55+00:00
192170719,2026-09-20,2026-09-14,62220.0,29644,112.0,5,profile,2026-10-01T08:53:55+00:00
192235897,2026-09-20,2026-09-14,55130.0,23820,393.0,1,profile,2026-10-01T08:53:55+00:00
192512132,2026-09-20,2026-09-14,24200.0,8556,100.0,17,profile,2026-10-01T08:53:55+00:00
192667624,2026-09-20,2026-09-14,10010.0,4537,86.0,3,profile,2026-10-01T08:53:55+00:00
193277278,2026-09-20,2026-09-14,8060.0,3248,0,2,profile,2026-10-01T08:53:55+00:00
193386119,2026-09-20,2026-09-14,5150.0,1800,0,1,profile,2026-10-01T08:53:55+00:00
1937857971,2026-09-20,2026-09-14,11550.0,5614,107.0,3,profile,2026-10-01T08:53:55+00:00
193885435,2026-09-20,2026-09-14,5000.0,1816,0,1,profile,2026-10-01T08:53:55+00:00
194634355,2026-09-20,2026-09-14,4060.0,1325,92.0,1,profile,2026-10-01T08:53:55+00:00
195412199,2026-09-20,2026-09-14,2190.0,1149,0,1,profile,2026-10-01T08:53:55+00:00
195798436,2026-09-20,2026-09-14,1600.0,826,31.0,1,profile,2026-10-01T08:53:55+00:00
1960066784,2026-09-20,2026-09-14,9300.0,4127,107.0,2,profile,2026-10-01T08:53:55+00:00
196113629,2026-09-20,2026-09-14,2930.0,1225,0,1,profile,2026-10-01T08:53:55+00:00
196122264,2026-09-20,2026-09-14,4000.0,1995,59.0,2,profile,2026-10-01T08:53:55+00:00
196395868,2026-09-20,2026-09-14,11870.0,4961,155.0,3,profile,2026-10-01T08:53:55+00:00
196594668,2026-09-20,2026-09-14,6210.0,3050,85.0,2,profile,2026-10-01T08:53:55+00:00
196679115,2026-09-20,2026-09-14,2400.0,778,54.0,1,profile,2026-10-01T08:53:55+00:00
19669900,2026-09-20,2026-09-14,3040.0,1279,0,1,profile,2026-10-01T08:53:55+00:00
1975053728,2026-09-20,2026-09-14,15060.0,5058,0,3,profile,2026-10-01T08:53:55+00:00
197511646,2026-09-20,2026-09-14,1590.0,621,0,2,profile,2026-10-01T08:53:55+00:00
197915835,2026-09-20,2026-09-14,5670.0,2011,75.0,2,profile,2026-10-01T08:53:55+00:00
197963991,2026-09-20,2026-09-14,5260.0,1923,111.0,1,profile,2026-10-01T08:53:55+00:00
1990613575,2026-09-20,2026-09-14,23730.0,10989,150.0,6,profile,2026-10-01T08:53:55+00:00
200824738,2026-09-20,2026-09-14,8260.0,3343,110.0,2,profile,2026-10-01T08:53:55+00:00
201962190,2026-09-20,2026-09-14,3820.0,1614,82.0,2,profile,2026-10-01T08:53:55+00:00
2033813827,2026-09-20,2026-09-14,6840.0,2913,109.0,2,profile,2026-10-01T08:53:55+00:00
203782547,2026-09-20,2026-09-14,8490.0,3239,0,1,profile,2026-10-01T08:53:55+00:00
203802378,2026-09-20,2026-09-14,14300.0,5710,0,3,profile,2026-10-01T08:53:55+00:00
203962651,2026-09-20,2026-09-14,7140.0,2973,111.0,2,profile,2026-10-01T08:53:55+00:00
204262058,2026-09-20,2026-09-14,4090.0,1513,81.0,1,profile,2026-10-01T08:53:55+00:00
2045659159,2026-09-20,2026-09-14,6230.0,3690,89.0,2,profile,2026-10-01T08:53:55+00:00
2048047143,2026-09-20,2026-09-14,7100.0,3159,90.0,4,profile,2026-10-01T08:53:55+00:00
2048163077,2026-09-20,2026-09-14,11970.0,4441,157.0,3,profile,2026-10-01T08:53:55+00:00
2048301595,2026-09-20,2026-09-14,5010.0,1481,0,1,profile,2026-10-01T08:53:55+00:00
2048307954,2026-09-20,2026-09-14,16440.0,6172,0,2,profile,2026-10-01T08:53:55+00:00
2048372368,2026-09-20,2026-09-14,4000.0,1809,0,1,profile,2026-10-01T08:53:55+00:00
205755605,2026-09-20,2026-09-14,10020.0,3814,0,2,profile,2026-10-01T08:53:55+00:00
205806167,2026-09-20,2026-09-14,7070.0,3136,104.0,2,profile,2026-10-01T08:53:55+00:00
205925600,2026-09-20,2026-09-14,4000.0,1800,0,1,profile,2026-10-01T08:53:55+00:00
206593849,2026-09-20,2026-09-14,6680.0,2833,107.0,2,profile,2026-10-01T08:53:55+00:00
207082437,2026-09-20,2026-09-14,5930.0,2594,80.0,2,profile,2026-10-01T08:53:55+00:00
20866687,2026-09-20,2026-09-14,3040.0,1033,0,1,profile,2026-10-01T08:53:55+00:00
22751016,2026-09-20,2026-09-14,7250.0,3085,95.0,2,profile,2026-10-01T08:53:55+00:00
23119791,2026-09-20,2026-09-14,3680.0,1417,0,1,profile,2026-10-01T08:53:55+00:00
24255160,2026-09-20,2026-09-14,47170.0,16947,0,7,profile,2026-10-01T08:53:55+00:00
27521574,2026-09-20,2026-09-14,14760.0,5786,0,3,profile,2026-10-01T08:53:55+00:00
27799486,2026-09-20,2026-09-14,95160.0,30415,0,15,profile,2026-10-01T08:53:55+00:00
28251876,2026-09-20,2026-09-14,4930.0,3656,83.0,4,profile,2026-10-01T08:53:55+00:00
29786655,2026-09-20,2026-09-14,12010.0,3521,0,1,profile,2026-10-01T08:53:55+00:00
311541283,2026-09-20,2026-09-14,4240.0,1825,100.0,1,profile,2026-10-01T08:53:55+00:00
321618515,2026-09-20,2026-09-14,4600.0,1933,75.0,2,profile,2026-10-01T08:53:55+00:00
342021277,2026-09-20,2026-09-14,5000.0,1983,109.0,1,profile,2026-10-01T08:53:55+00:00
363624620,2026-09-20,2026-09-14,5680.0,3036,75.0,2,profile,2026-10-01T08:53:55+00:00
40109055,2026-09-20,2026-09-14,39860.0,14843,0,6,profile,2026-10-01T08:53:55+00:00
405251015,2026-09-20,2026-09-14,12000.0,6317,62.0,3,profile,2026-10-01T08:53:55+00:00
428335349,2026-09-20,2026-09-14,7060.0,2943,103.0,2,profile,2026-10-01T08:53:55+00:00
442384698,2026-09-20,2026-09-14,4100.0,1800,0,1,profile,2026-10-01T08:53:55+00:00
448160509,2026-09-20,2026-09-14,4000.0,1860,0,1,profile,2026-10-01T08:53:55+00:00
453149182,2026-09-20,2026-09-14,4000.0,1800,0,1,profile,2026-10-01T08:53:55+00:00
457061847,2026-09-20,2026-09-14,13920.0,5592,100.0,5,profile,2026-10-01T08:53:55+00:00
46494932,2026-09-20,2026-09-14,7680.0,3283,0,2,profile,2026-10-01T08:53:55+00:00
467716159,2026-09-20,2026-09-14,3860.0,1854,83.0,1,profile,2026-10-01T08:53:55+00:00
47562289,2026-09-20,2026-09-14,6680.0,1857,140.0,1,profile,2026-10-01T08:53:55+00:00
493938779,2026-09-20,2026-09-14,4000.0,1800,0,1,profile,2026-10-01T08:53:55+00:00
50087178,2026-09-20,2026-09-14,17350.0,7735,193.0,3,profile,2026-10-01T08:53:55+00:00
518303998,2026-09-20,2026-09-14,8510.0,3630,179.0,2,profile,2026-10-01T08:53:55+00:00
52120469,2026-09-20,2026-09-14,9630.0,3900,0,1,profile,2026-10-01T08:53:55+00:00
545979986,2026-09-20,2026-09-14,4100.0,1800,0,1,profile,2026-10-01T08:53:55+00:00
553225496,2026-09-20,2026-09-14,4880.0,1950,103.0,1,profile,2026-10-01T08:53:55+00:00
563743137,2026-09-20,2026-09-14,5820.0,3132,79.0,2,profile,2026-10-01T08:53:55+00:00
564463530,2026-09-20,2026-09-14,17280.0,7007,236.0,5,profile,2026-10-01T08:53:55+00:00
578477417,2026-09-20,2026-09-14,9710.0,5748,78.0,3,profile,2026-10-01T08:53:55+00:00
61688773,2026-09-20,2026-09-14,7400.0,2606,112.0,2,profile,2026-10-01T08:53:55+00:00
619192671,2026-09-20,2026-09-14,21710.0,17040,294.0,2,profile,2026-10-01T08:53:55+00:00
624792231,2026-09-20,2026-09-14,6710.0,3342,87.0,2,profile,2026-10-01T08:53:55+00:00
636557046,2026-09-20,2026-09-14,4180.0,1493,94.0,1,profile,2026-10-01T08:53:55+00:00
64519239,2026-09-20,2026-09-14,15660.0,5898,189.0,5,profile,2026-10-01T08:53:55+00:00
65548123,2026-09-20,2026-09-14,44590.0,15652,0,6,profile,2026-10-01T08:53:55+00:00
666291145,2026-09-20,2026-09-14,6810.0,2891,109.0,2,profile,2026-10-01T08:53:55+00:00
66686182,2026-09-20,2026-09-14,4000.0,1800,0,1,profile,2026-10-01T08:53:55+00:00
66797450,2026-09-20,2026-09-14,13800.0,5979,196.0,4,profile,2026-10-01T08:53:55+00:00
673201440,2026-09-20,2026-09-14,2980.0,977,61.0,1,profile,2026-10-01T08:53:55+00:00
68100013,2026-09-20,2026-09-14,4250.0,1249,45.0,4,profile,2026-10-01T08:53:55+00:00
69248105,2026-09-20,2026-09-14,14720.0,6006,177.0,4,profile,2026-10-01T08:53:55+00:00
70370600,2026-09-20,2026-09-14,12720.0,5018,0,4,profile,2026-10-01T08:53:55+00:00
7099765,2026-09-20,2026-09-14,21430.0,8298,0,3,profile,2026-10-01T08:53:55+00:00
71374919,2026-09-20,2026-09-14,4980.0,1817,97.0,2,profile,2026-10-01T08:53:55+00:00
71492207,2026-09-20,2026-09-14,4100.0,1456,0,1,profile,2026-10-01T08:53:55+00:00
72823803,2026-09-20,2026-09-14,6040.0,3038,82.0,2,profile,2026-10-01T08:53:55+00:00
728364162,2026-09-20,2026-09-14,11050.0,4077,0,2,profile,2026-10-01T08:53:55+00:00
738209874,2026-09-20,2026-09-14,11150.0,5029,100.0,3,profile,2026-10-01T08:53:55+00:00
75022646,2026-09-20,2026-09-14,4840.0,2572,106.0,1,profile,2026-10-01T08:53:55+00:00
75965267,2026-09-20,2026-09-14,45790.0,15432,0,7,profile,2026-10-01T08:53:55+00:00
769156342,2026-09-20,2026-09-14,5180.0,2070,61.0,2,profile,2026-10-01T08:53:55+00:00
772349693,2026-09-20,2026-09-14,4020.0,1665,69.0,2,profile,2026-10-01T08:53:55+00:00
77749742,2026-09-20,2026-09-14,29920.0,12036,75.0,7,profile,2026-10-01T08:53:55+00:00
78226318,2026-09-20,2026-09-14,7200.0,2406,108.0,2,profile,2026-10-01T08:53:55+00:00
78433615,2026-09-20,2026-09-14,6890.0,2950,99.0,2,profile,2026-10-01T08:53:55+00:00
78712341,2026-09-20,2026-09-14,4000.0,1800,0,1,profile,2026-10-01T08:53:55+00:00
78755580,2026-09-20,2026-09-14,17240.0,6942,0,5,profile,2026-10-01T08:53:55+00:00
78839312,2026-09-20,2026-09-14,9270.0,2954,0,2,profile,2026-10-01T08:53:55+00:00
79214730,2026-09-20,2026-09-14,5980.0,2753,84.0,2,profile,2026-10-01T08:53:55+00:00
79562714,2026-09-20,2026-09-14,7260.0,3243,99.0,2,profile,2026-10-01T08:53:55+00:00
79725515,2026-09-20,2026-09-14,7640.0,2972,0,2,profile,2026-10-01T08:53:55+00:00
79840635,2026-09-20,2026-09-14,2460.0,744,0,1,profile,2026-10-01T08:53:55+00:00
79881725,2026-09-20,2026-09-14,5270.0,1818,117.0,1,profile,2026-10-01T08:53:55+00:00
80165995,2026-09-20,2026-09-14,4100.0,1800,0,1,profile,2026-10-01T08:53:55+00:00
80356918,2026-09-20,2026-09-14,2740.0,868,0,1,profile,2026-10-01T08:53:55+00:00
80529470,2026-09-20,2026-09-14,4810.0,1879,98.0,1,profile,2026-10-01T08:53:55+00:00
80643624,2026-09-20,2026-09-14,8070.0,1514,39.0,4,profile,2026-10-01T08:53:55+00:00
81601240,2026-09-20,2026-09-14,4000.0,1800,0,1,profile,2026-10-01T08:53:55+00:00
81685787,2026-09-20,2026-09-14,3300.0,1551,64.0,1,profile,2026-10-01T08:53:55+00:00
81778281,2026-09-20,2026-09-14,8900.0,5858,0,2,profile,2026-10-01T08:53:55+00:00
82197781,2026-09-20,2026-09-14,13520.0,5167,0,2,profile,2026-10-01T08:53:55+00:00
82226994,2026-09-20,2026-09-14,1970.0,737,0,1,profile,2026-10-01T08:53:55+00:00
83920919,2026-09-20,2026-09-14,19550.0,12211,0,5,profile,2026-10-01T08:53:55+00:00
84097989,2026-09-20,2026-09-14,20050.0,14323,164.0,21,profile,2026-10-01T08:53:55+00:00
84341125,2026-09-20,2026-09-14,8920.0,3511,0,3,profile,2026-10-01T08:53:55+00:00
84797425,2026-09-20,2026-09-14,13000.0,5495,0,3,profile,2026-10-01T08:53:55+00:00
848542700,2026-09-20,2026-09-14,4000.0,1800,0,1,profile,2026-10-01T08:53:55+00:00
85321513,2026-09-20,2026-09-14,7340.0,2371,0,2,profile,2026-10-01T08:53:55+00:00
85400772,2026-09-20,2026-09-14,11340.0,3666,109.0,2,profile,2026-10-01T08:53:55+00:00
85567976,2026-09-20,2026-09-14,7780.0,2742,0,2,profile,2026-10-01T08:53:55+00:00
85736624,2026-09-20,2026-09-14,26510.0,23390,678.0,10,profile,2026-10-01T08:53:55+00:00
85806908,2026-09-20,2026-09-14,4140.0,1837,89.0,1,profile,2026-10-01T08:53:55+00:00
85932943,2026-09-20,2026-09-14,52680.0,22500,0,4,profile,2026-10-01T08:53:55+00:00
86038871,2026-09-20,2026-09-14,7530.0,2945,0,2,profile,2026-10-01T08:53:55+00:00
86838614,2026-09-20,2026-09-14,9300.0,4576,78.0,6,profile,2026-10-01T08:53:55+00:00
87276442,2026-09-20,2026-09-14,11420.0,4704,0,4,profile,2026-10-01T08:53:55+00:00
878275442,2026-09-20,2026-09-14,5220.0,4173,0,3,profile,2026-10-01T08:53:55+00:00
88141864,2026-09-20,2026-09-14,7820.0,3032,0,2,profile,2026-10-01T08:53:55+00:00
88199922,2026-09-20,2026-09-14,55160.0,32441,732.0,12,profile,2026-10-01T08:53:55+00:00
882080520,2026-09-20,2026-09-14,4140.0,1484,0,1,profile,2026-10-01T08:53:55+00:00
88220077,2026-09-20,2026-09-14,6460.0,2840,101.0,2,profile,2026-10-01T08:53:55+00:00
88234067,2026-09-20,2026-09-14,7910.0,3460,96.0,3,profile,2026-10-01T08:53:55+00:00
89357728,2026-09-20,2026-09-14,18550.0,8351,0,7,profile,2026-10-01T08:53:55+00:00
90503677,2026-09-20,2026-09-14,2800.0,1414,0,2,profile,2026-10-01T08:53:55+00:00
906570432,2026-09-20,2026-09-14,7280.0,3430,0,2,profile,2026-10-01T08:53:55+00:00
91343174,2026-09-20,2026-09-14,3020.0,981,0,1,profile,2026-10-01T08:53:55+00:00
91348499,2026-09-20,2026-09-14,16940.0,8284,0,6,profile,2026-10-01T08:53:55+00:00
92466443,2026-09-20,2026-09-14,3010.0,844,0,1,profile,2026-10-01T08:53:55+00:00
92960264,2026-09-20,2026-09-14,53460.0,33795,123.0,9,profile,2026-10-01T08:53:55+00:00
932417808,2026-09-20,2026-09-14,5860.0,3041,84.0,2,profile,2026-10-01T08:53:55+00:00
94746647,2026-09-20,2026-09-14,6000.0,1899,0,1,profile,2026-10-01T08:53:55+00:00
95167777,2026-09-20,2026-09-14,2350.0,1302,0,1,profile,2026-10-01T08:53:55+00:00
95413681,2026-09-20,2026-09-14,5670.0,2913,81.0,2,profile,2026-10-01T08:53:55+00:00
95546234,2026-09-20,2026-09-14,2420.0,611,46.0,1,profile,2026-10-01T08:53:55+00:00
960965393,2026-09-20,2026-09-14,5010.0,2394,104.0,1,profile,2026-10-01T08:53:55+00:00
964360293,2026-09-20,2026-09-14,6590.0,3092,107.0,2,profile,2026-10-01T08:53:55+00:00
973907811,2026-09-20,2026-09-14,4040.0,1385,42.0,2,profile,2026-10-01T08:53:55+00:00
976304399,2026-09-20,2026-09-14,4500.0,1814,95.0,1,profile,2026-10-01T08:53:55+00:00
98501936,2026-09-20,2026-09-14,7710.0,2576,116.0,2,profile,2026-10-01T08:53:55+00:00
99068373,2026-09-20,2026-09-14,4000.0,1800,0,1,profile,2026-10-01T08:53:55+00:00
994887031,2026-09-20,2026-09-14,6390.0,3144,90.0,2,profile,2026-10-01T08:53:55+00:00
99536214,2026-09-20,2026-09-14,2460.0,1453,0,2,profile,2026-10-01T08:53:55+00:00
100035100,2026-09-27,2026-09-21,70300.0,23040,22.0,7,leaderboard,2026-10-01T15:47:44+00:00
100084812,2026-09-27,2026-09-21,8340.0,2937,169.0,3,profile,2026-10-01T08:53:55+00:00
100332682,2026-09-27,2026-09-21,9740.0,3376,0,1,profile,2026-10-01T08:53:55+00:00
100477885,2026-09-27,2026-09-21,9460.0,4443,74.0,4,profile,2026-10-01T08:53:55+00:00
100754249,2026-09-27,2026-09-21,5860.0,5602,0,3,profile,2026-10-01T08:53:55+00:00
100767254,2026-09-27,2026-09-21,16900.0,6180,104.0,4,leaderboard,2026-10-01T15:47:44+00:00
1021407993,2026-09-27,2026-09-21,10050.0,2937,0,1,profile,2026-10-01T08:53:55+00:00
10265375,2026-09-27,2026-09-21,55100.0,58380,4144.0,3,leaderboard,2026-10-01T15:47:44+00:00
1032853960,2026-09-27,2026-09-21,22700.0,12120,297.0,8,leaderboard,2026-10-01T15:47:44+00:00
104017126,2026-09-27,2026-09-21,8880.0,3933,0,2,profile,2026-10-01T08:53:55+00:00
104519856,2026-09-27,2026-09-21,7540.0,2632,0,3,profile,2026-10-01T08:53:55+00:00
1045810176,2026-09-27,2026-09-21,11540.0,4302,177.0,4,profile,2026-10-01T08:53:55+00:00
104744760,2026-09-27,2026-09-21,5210.0,2049,0,1,profile,2026-10-01T08:53:55+00:00
10480079,2026-09-27,2026-09-21,4020.0,1493,0,1,profile,2026-10-01T08:53:55+00:00
1052869810,2026-09-27,2026-09-21,9210.0,3841,146.0,3,profile,2026-10-01T08:53:55+00:00
106645250,2026-09-27,2026-09-21,10010.0,3600,0,1,profile,2026-10-01T08:53:55+00:00
1067583320,2026-09-27,2026-09-21,7710.0,3436,112.0,3,profile,2026-10-01T08:53:55+00:00
108546052,2026-09-27,2026-09-21,15100.0,4320,280.0,3,leaderboard,2026-10-01T15:47:44+00:00
109313656,2026-09-27,2026-09-21,18600.0,10020,304.0,3,leaderboard,2026-10-01T15:47:44+00:00
109475426,2026-09-27,2026-09-21,22700.0,7560,347.0,4,leaderboard,2026-10-01T15:47:44+00:00
1100643471,2026-09-27,2026-09-21,20000.0,16920,227.0,13,leaderboard,2026-10-01T15:47:44+00:00
110613308,2026-09-27,2026-09-21,45200.0,23349,0,5,profile,2026-10-01T08:53:55+00:00
110727058,2026-09-27,2026-09-21,67400.0,28740,1198.0,8,leaderboard,2026-10-01T15:47:44+00:00
110858656,2026-09-27,2026-09-21,7630.0,2883,0,1,profile,2026-10-01T08:53:55+00:00
1112085991,2026-09-27,2026-09-21,6910.0,2790,94.0,2,profile,2026-10-01T08:53:55+00:00
111239944,2026-09-27,2026-09-21,22100.0,8220,41.0,3,leaderboard,2026-10-01T15:47:44+00:00
1116840817,2026-09-27,2026-09-21,9010.0,3320,110.0,5,profile,2026-10-01T08:53:55+00:00
112728077,2026-09-27,2026-09-21,2960.0,1189,0,1,profile,2026-10-01T08:53:55+00:00
113362000,2026-09-27,2026-09-21,12000.0,3780,233.0,2,leaderboard,2026-10-01T15:47:44+00:00
114308377,2026-09-27,2026-09-21,6850.0,3804,142.0,3,profile,2026-10-01T08:53:55+00:00
114848114,2026-09-27,2026-09-21,7080.0,3298,110.0,3,profile,2026-10-01T08:53:55+00:00
115074455,2026-09-27,2026-09-21,3220.0,2092,0,2,profile,2026-10-01T08:53:55+00:00
1157168369,2026-09-27,2026-09-21,7730.0,4774,138.0,5,profile,2026-10-01T08:53:55+00:00
116011578,2026-09-27,2026-09-21,26100.0,8280,49.0,3,leaderboard,2026-10-01T15:47:44+00:00
116168250,2026-09-27,2026-09-21,8270.0,10304,0,3,profile,2026-10-01T08:53:55+00:00
1163583894,2026-09-27,2026-09-21,4010.0,4020,0,1,profile,2026-10-01T08:53:55+00:00
116462994,2026-09-27,2026-09-21,29500.0,4740,334.0,4,leaderboard,2026-10-01T15:47:44+00:00
11683865,2026-09-27,2026-09-21,4430.0,1470,93.0,1,profile,2026-10-01T08:53:55+00:00
118683730,2026-09-27,2026-09-21,17900.0,10560,12.0,3,leaderboard,2026-10-01T15:47:44+00:00
1187293869,2026-09-27,2026-09-21,5130.0,2083,0,2,profile,2026-10-01T08:53:55+00:00
118781050,2026-09-27,2026-09-21,6820.0,4068,35.0,3,profile,2026-10-01T08:53:55+00:00
1195981575,2026-09-27,2026-09-21,5800.0,1745,0,1,profile,2026-10-01T08:53:55+00:00
119629570,2026-09-27,2026-09-21,3580.0,3625,20.0,2,profile,2026-10-01T08:53:55+00:00
1202632109,2026-09-27,2026-09-21,9600.0,4510,174.0,4,profile,2026-10-01T08:53:55+00:00
120401037,2026-09-27,2026-09-21,14500.0,5940,213.0,4,leaderboard,2026-10-01T15:47:44+00:00
120477487,2026-09-27,2026-09-21,20000.0,7920,284.0,2,leaderboard,2026-10-01T15:47:44+00:00
120662764,2026-09-27,2026-09-21,6000.0,3600,67.0,1,profile,2026-10-01T08:53:55+00:00
1210065351,2026-09-27,2026-09-21,5520.0,2253,115.0,2,profile,2026-10-01T08:53:55+00:00
1214400201,2026-09-27,2026-09-21,8450.0,6841,116.0,3,profile,2026-10-01T08:53:55+00:00
122172917,2026-09-27,2026-09-21,14800.0,7560,64.0,3,leaderboard,2026-10-01T15:47:44+00:00
1223997665,2026-09-27,2026-09-21,10080.0,3941,232.0,5,profile,2026-10-01T08:53:55+00:00
122661059,2026-09-27,2026-09-21,14600.0,5460,84.0,3,leaderboard,2026-10-01T15:47:44+00:00
122674914,2026-09-27,2026-09-21,10350.0,4231,189.0,4,profile,2026-10-01T08:53:55+00:00
123200801,2026-09-27,2026-09-21,12500.0,4380,231.0,3,leaderboard,2026-10-01T15:47:44+00:00
123426273,2026-09-27,2026-09-21,9710.0,5957,173.0,4,profile,2026-10-01T08:53:55+00:00
123739150,2026-09-27,2026-09-21,2520.0,802,0,2,profile,2026-10-01T08:53:55+00:00
124621944,2026-09-27,2026-09-21,4600.0,1582,0,1,profile,2026-10-01T08:53:55+00:00
124868467,2026-09-27,2026-09-21,3730.0,3942,83.0,3,profile,2026-10-01T08:53:55+00:00
1254453117,2026-09-27,2026-09-21,4850.0,2904,87.0,3,profile,2026-10-01T08:53:55+00:00
1264472785,2026-09-27,2026-09-21,7310.0,2452,118.0,2,profile,2026-10-01T08:53:55+00:00
1266885889,2026-09-27,2026-09-21,1870.0,3390,0,1,profile,2026-10-01T08:53:55+00:00
1268235870,2026-09-27,2026-09-21,8250.0,3790,132.0,3,profile,2026-10-01T08:53:55+00:00
126913964,2026-09-27,2026-09-21,10010.0,3660,203.0,1,profile,2026-10-01T08:53:55+00:00
127939240,2026-09-27,2026-09-21,24800.0,18120,507.0,23,leaderboard,2026-10-01T15:47:44+00:00
1281648417,2026-09-27,2026-09-21,9360.0,3742,150.0,4,profile,2026-10-01T08:53:55+00:00
128170970,2026-09-27,2026-09-21,4000.0,1388,0,1,profile,2026-10-01T08:53:55+00:00
128205328,2026-09-27,2026-09-21,10000.0,3449,0,1,profile,2026-10-01T08:53:55+00:00
128941231,2026-09-27,2026-09-21,15500.0,5820,336.0,2,leaderboard,2026-10-01T15:47:44+00:00
129762554,2026-09-27,2026-09-21,46600.0,22500,653.0,13,leaderboard,2026-10-01T15:47:44+00:00
131933928,2026-09-27,2026-09-21,15700.0,5880,12.0,3,leaderboard,2026-10-01T15:47:44+00:00
132628474,2026-09-27,2026-09-21,11410.0,8151,75.0,5,profile,2026-10-01T08:53:55+00:00
133017837,2026-09-27,2026-09-21,5020.0,1924,0,1,profile,2026-10-01T08:53:55+00:00
133168528,2026-09-27,2026-09-21,10970.0,6178,156.0,5,profile,2026-10-01T08:53:55+00:00
133470756,2026-09-27,2026-09-21,7870.0,2900,0,2,profile,2026-10-01T08:53:55+00:00
133768869,2026-09-27,2026-09-21,24300.0,14400,150.0,4,leaderboard,2026-10-01T15:47:44+00:00
135356920,2026-09-27,2026-09-21,18700.0,9300,311.0,7,leaderboard,2026-10-01T15:47:44+00:00
135930785,2026-09-27,2026-09-21,12000.0,6120,130.0,4,leaderboard,2026-10-01T15:47:44+00:00
136696478,2026-09-27,2026-09-21,11030.0,5843,157.0,8,profile,2026-10-01T08:53:55+00:00
1367246648,2026-09-27,2026-09-21,7290.0,2702,105.0,2,profile,2026-10-01T08:53:55+00:00
138151922,2026-09-27,2026-09-21,8300.0,3116,0,3,profile,2026-10-01T08:53:55+00:00
1391683829,2026-09-27,2026-09-21,6000.0,2573,0,1,profile,2026-10-01T08:53:55+00:00
139521986,2026-09-27,2026-09-21,8140.0,3666,172.0,4,profile,2026-10-01T08:53:55+00:00
1400184214,2026-09-27,2026-09-21,17200.0,9840,143.0,6,leaderboard,2026-10-01T15:47:44+00:00
1405528165,2026-09-27,2026-09-21,10690.0,5703,72.0,4,profile,2026-10-01T08:53:55+00:00
140805267,2026-09-27,2026-09-21,11570.0,5557,0,3,profile,2026-10-01T08:53:55+00:00
141074214,2026-09-27,2026-09-21,3450.0,1286,0,1,profile,2026-10-01T08:53:55+00:00
141207015,2026-09-27,2026-09-21,231960.0,85560,0,1,profile,2026-10-01T08:53:55+00:00
141358214,2026-09-27,2026-09-21,8000.0,2649,85.0,2,profile,2026-10-01T08:53:55+00:00
141567060,2026-09-27,2026-09-21,9430.0,5191,63.0,4,profile,2026-10-01T08:53:55+00:00
143049165,2026-09-27,2026-09-21,2410.0,698,49.0,1,profile,2026-10-01T08:53:55+00:00
143147118,2026-09-27,2026-09-21,2940.0,2001,209.0,2,profile,2026-10-01T08:53:55+00:00
1433924818,2026-09-27,2026-09-21,29300.0,12000,0.0,4,leaderboard,2026-10-01T15:47:44+00:00
143906121,2026-09-27,2026-09-21,16400.0,6480,23.0,1,leaderboard,2026-10-01T15:47:44+00:00
144127293,2026-09-27,2026-09-21,5910.0,1595,72.0,2,profile,2026-10-01T08:53:55+00:00
1447891160,2026-09-27,2026-09-21,7590.0,3058,168.0,2,profile,2026-10-01T08:53:55+00:00
145507555,2026-09-27,2026-09-21,20000.0,6600,80.0,3,leaderboard,2026-10-01T15:47:44+00:00
145639218,2026-09-27,2026-09-21,23200.0,11820,498.0,4,leaderboard,2026-10-01T15:47:44+00:00
146502370,2026-09-27,2026-09-21,13000.0,3960,96.0,2,leaderboard,2026-10-01T15:47:44+00:00
1467341794,2026-09-27,2026-09-21,8700.0,5920,69.0,7,profile,2026-10-01T08:53:55+00:00
1484419724,2026-09-27,2026-09-21,8850.0,3559,167.0,3,profile,2026-10-01T08:53:55+00:00
148683659,2026-09-27,2026-09-21,10870.0,7172,137.0,7,profile,2026-10-01T08:53:55+00:00
1490218349,2026-09-27,2026-09-21,7600.0,3711,121.0,3,profile,2026-10-01T08:53:55+00:00
1502219713,2026-09-27,2026-09-21,5150.0,1781,0,1,profile,2026-10-01T08:53:55+00:00
150327584,2026-09-27,2026-09-21,3990.0,1498,80.0,1,profile,2026-10-01T08:53:55+00:00
150452047,2026-09-27,2026-09-21,17600.0,6720,280.0,5,leaderboard,2026-10-01T15:47:44+00:00
150713780,2026-09-27,2026-09-21,9020.0,3234,81.0,2,profile,2026-10-01T08:53:55+00:00
150739400,2026-09-27,2026-09-21,3410.0,2174,10.0,2,profile,2026-10-01T08:53:55+00:00
15091569,2026-09-27,2026-09-21,28500.0,11280,75.0,4,leaderboard,2026-10-01T15:47:44+00:00
150925489,2026-09-27,2026-09-21,9450.0,3406,0,2,profile,2026-10-01T08:53:55+00:00
151549210,2026-09-27,2026-09-21,1980.0,789,81.0,1,profile,2026-10-01T08:53:55+00:00
151601377,2026-09-27,2026-09-21,3370.0,1838,73.0,1,profile,2026-10-01T08:53:55+00:00
151738622,2026-09-27,2026-09-21,5030.0,1951,0,1,profile,2026-10-01T08:53:55+00:00
151865501,2026-09-27,2026-09-21,15600.0,7620,84.0,3,leaderboard,2026-10-01T15:47:44+00:00
152340879,2026-09-27,2026-09-21,24800.0,9780,303.0,6,leaderboard,2026-10-01T15:47:44+00:00
152392967,2026-09-27,2026-09-21,6090.0,2774,150.0,2,profile,2026-10-01T08:53:55+00:00
1526822034,2026-09-27,2026-09-21,70300.0,61260,749.0,33,leaderboard,2026-10-01T15:47:44+00:00
152788103,2026-09-27,2026-09-21,6210.0,2748,0,3,profile,2026-10-01T08:53:55+00:00
152960307,2026-09-27,2026-09-21,4560.0,1618,0,1,profile,2026-10-01T08:53:55+00:00
153604225,2026-09-27,2026-09-21,9980.0,3829,0,2,profile,2026-10-01T08:53:55+00:00
154079240,2026-09-27,2026-09-21,15700.0,6000,325.0,4,leaderboard,2026-10-01T15:47:44+00:00
154154947,2026-09-27,2026-09-21,0,1872,0,1,profile,2026-10-01T08:53:55+00:00
154618341,2026-09-27,2026-09-21,19400.0,6600,52.0,3,leaderboard,2026-10-01T15:47:44+00:00
1547329003,2026-09-27,2026-09-21,16110.0,9538,354.0,2,profile,2026-10-01T08:53:55+00:00
155939935,2026-09-27,2026-09-21,8940.0,4368,0,3,profile,2026-10-01T08:53:55+00:00
157502017,2026-09-27,2026-09-21,45320.0,17022,0,3,profile,2026-10-01T08:53:55+00:00
157900821,2026-09-27,2026-09-21,6310.0,3582,0,2,profile,2026-10-01T08:53:55+00:00
157934075,2026-09-27,2026-09-21,4040.0,1252,58.0,2,profile,2026-10-01T08:53:55+00:00
159220662,2026-09-27,2026-09-21,5910.0,2520,86.0,2,profile,2026-10-01T08:53:55+00:00
159549407,2026-09-27,2026-09-21,16800.0,7200,357.0,7,leaderboard,2026-10-01T15:47:44+00:00
160085499,2026-09-27,2026-09-21,10580.0,3349,0,3,profile,2026-10-01T08:53:55+00:00
1604453745,2026-09-27,2026-09-21,10030.0,3616,168.0,3,profile,2026-10-01T08:53:55+00:00
160917445,2026-09-27,2026-09-21,12900.0,6780,122.0,2,leaderboard,2026-10-01T15:47:44+00:00
161831314,2026-09-27,2026-09-21,1510.0,456,0,1,profile,2026-10-01T08:53:55+00:00
161842926,2026-09-27,2026-09-21,6610.0,2714,90.0,2,profile,2026-10-01T08:53:55+00:00
162127012,2026-09-27,2026-09-21,20600.0,9360,63.0,6,leaderboard,2026-10-01T15:47:44+00:00
162397498,2026-09-27,2026-09-21,9670.0,3338,135.0,4,profile,2026-10-01T08:53:55+00:00
162695054,2026-09-27,2026-09-21,1940.0,1443,0,1,profile,2026-10-01T08:53:55+00:00
162779719,2026-09-27,2026-09-21,13700.0,5580,267.0,4,leaderboard,2026-10-01T15:47:44+00:00
164845584,2026-09-27,2026-09-21,1710.0,1017,0,1,profile,2026-10-01T08:53:55+00:00
1658679384,2026-09-27,2026-09-21,2400.0,784,0,1,profile,2026-10-01T08:53:55+00:00
167481803,2026-09-27,2026-09-21,7230.0,2911,8.0,4,profile,2026-10-01T08:53:55+00:00
167744734,2026-09-27,2026-09-21,14200.0,5340,239.0,5,leaderboard,2026-10-01T15:47:44+00:00
170365151,2026-09-27,2026-09-21,11670.0,5410,0,3,profile,2026-10-01T08:53:55+00:00
170625283,2026-09-27,2026-09-21,1140.0,554,0,1,profile,2026-10-01T08:53:55+00:00
171043001,2026-09-27,2026-09-21,28400.0,10140,201.0,5,leaderboard,2026-10-01T15:47:44+00:00
171074942,2026-09-27,2026-09-21,2230.0,723,0,1,profile,2026-10-01T08:53:55+00:00
171942690,2026-09-27,2026-09-21,13700.0,5580,8.0,4,leaderboard,2026-10-01T15:47:44+00:00
171954993,2026-09-27,2026-09-21,17580.0,9631,171.0,6,profile,2026-10-01T08:53:55+00:00
172677290,2026-09-27,2026-09-21,4010.0,1400,0,1,profile,2026-10-01T08:53:55+00:00
173103307,2026-09-27,2026-09-21,6430.0,2083,0,2,profile,2026-10-01T08:53:55+00:00
173263106,2026-09-27,2026-09-21,5010.0,1772,98.0,1,profile,2026-10-01T08:53:55+00:00
1744500732,2026-09-27,2026-09-21,4570.0,2118,108.0,2,profile,2026-10-01T08:53:55+00:00
174628006,2026-09-27,2026-09-21,6390.0,2159,127.0,2,profile,2026-10-01T08:53:55+00:00
1746450647,2026-09-27,2026-09-21,19200.0,9294,271.0,6,profile,2026-10-01T08:53:55+00:00
174687887,2026-09-27,2026-09-21,6380.0,2995,130.0,3,profile,2026-10-01T08:53:55+00:00
174765734,2026-09-27,2026-09-21,5040.0,1595,111.0,1,profile,2026-10-01T08:53:55+00:00
175752894,2026-09-27,2026-09-21,2670.0,2148,0,1,profile,2026-10-01T08:53:55+00:00
176110027,2026-09-27,2026-09-21,2360.0,916,48.0,2,profile,2026-10-01T08:53:55+00:00
176997200,2026-09-27,2026-09-21,10590.0,4440,0,3,profile,2026-10-01T08:53:55+00:00
177200721,2026-09-27,2026-09-21,13300.0,4800,294.0,5,leaderboard,2026-10-01T15:47:44+00:00
177326285,2026-09-27,2026-09-21,22000.0,20100,175.0,5,leaderboard,2026-10-01T15:47:44+00:00
1774908317,2026-09-27,2026-09-21,4030.0,2814,15.0,1,profile,2026-10-01T08:53:55+00:00
177612856,2026-09-27,2026-09-21,45400.0,15900,257.0,4,leaderboard,2026-10-01T15:47:44+00:00
179989600,2026-09-27,2026-09-21,29200.0,27240,118.0,5,leaderboard,2026-10-01T15:47:44+00:00
181000486,2026-09-27,2026-09-21,7220.0,2620,173.0,3,profile,2026-10-01T08:53:55+00:00
183732476,2026-09-27,2026-09-21,3390.0,1789,80.0,1,profile,2026-10-01T08:53:55+00:00
18447136,2026-09-27,2026-09-21,33700.0,30660,541.0,8,leaderboard,2026-10-01T15:47:44+00:00
184714218,2026-09-27,2026-09-21,12500.0,4620,273.0,6,leaderboard,2026-10-01T15:47:44+00:00
1847934457,2026-09-27,2026-09-21,27900.0,11040,423.0,7,leaderboard,2026-10-01T15:47:44+00:00
1856298974,2026-09-27,2026-09-21,4010.0,1361,0,1,profile,2026-10-01T08:53:55+00:00
186300263,2026-09-27,2026-09-21,15000.0,4500,70.0,2,leaderboard,2026-10-01T15:47:44+00:00
187312771,2026-09-27,2026-09-21,6020.0,1995,0,1,profile,2026-10-01T08:53:55+00:00
187787818,2026-09-27,2026-09-21,6250.0,2122,143.0,1,profile,2026-10-01T08:53:55+00:00
187894549,2026-09-27,2026-09-21,14000.0,8280,262.0,5,leaderboard,2026-10-01T15:47:44+00:00
1884997278,2026-09-27,2026-09-21,11600.0,5187,134.0,4,profile,2026-10-01T08:53:55+00:00
189013681,2026-09-27,2026-09-21,15000.0,7200,137.0,5,leaderboard,2026-10-01T15:47:44+00:00
189069646,2026-09-27,2026-09-21,4100.0,1674,82.0,1,profile,2026-10-01T08:53:55+00:00
189282346,2026-09-27,2026-09-21,6260.0,1923,0,1,profile,2026-10-01T08:53:55+00:00
190439145,2026-09-27,2026-09-21,7690.0,3406,115.0,3,profile,2026-10-01T08:53:55+00:00
190591166,2026-09-27,2026-09-21,4180.0,1899,86.0,1,profile,2026-10-01T08:53:55+00:00
1911026649,2026-09-27,2026-09-21,9630.0,6567,123.0,11,profile,2026-10-01T08:53:55+00:00
191332072,2026-09-27,2026-09-21,3300.0,1520,0,1,profile,2026-10-01T08:53:55+00:00
191683420,2026-09-27,2026-09-21,2580.0,707,55.0,1,profile,2026-10-01T08:53:55+00:00
191760333,2026-09-27,2026-09-21,4030.0,1490,80.0,1,profile,2026-10-01T08:53:55+00:00
192170719,2026-09-27,2026-09-21,130700.0,66540,767.0,5,leaderboard,2026-10-01T15:47:44+00:00
192512132,2026-09-27,2026-09-21,17900.0,6420,299.0,18,leaderboard,2026-10-01T15:47:44+00:00
192667624,2026-09-27,2026-09-21,8550.0,4357,187.0,2,profile,2026-10-01T08:53:55+00:00
193885435,2026-09-27,2026-09-21,2400.0,772,0,1,profile,2026-10-01T08:53:55+00:00
194634355,2026-09-27,2026-09-21,3520.0,2767,0,1,profile,2026-10-01T08:53:55+00:00
195412199,2026-09-27,2026-09-21,13900.0,5640,163.0,5,leaderboard,2026-10-01T15:47:44+00:00
195798436,2026-09-27,2026-09-21,3130.0,1326,65.0,1,profile,2026-10-01T08:53:55+00:00
195899365,2026-09-27,2026-09-21,5000.0,2084,0,1,profile,2026-10-01T08:53:55+00:00
196225817,2026-09-27,2026-09-21,10110.0,5353,174.0,7,profile,2026-10-01T08:53:55+00:00
196395868,2026-09-27,2026-09-21,10350.0,4047,174.0,3,profile,2026-10-01T08:53:55+00:00
196594668,2026-09-27,2026-09-21,4190.0,1856,107.0,1,profile,2026-10-01T08:53:55+00:00
197255581,2026-09-27,2026-09-21,2110.0,724,45.0,1,profile,2026-10-01T08:53:55+00:00
1975053728,2026-09-27,2026-09-21,18600.0,6120,27.0,4,leaderboard,2026-10-01T15:47:44+00:00
197511646,2026-09-27,2026-09-21,58800.0,36420,525.0,10,leaderboard,2026-10-01T15:47:44+00:00
198974162,2026-09-27,2026-09-21,2490.0,935,0,1,profile,2026-10-01T08:53:55+00:00
1990613575,2026-09-27,2026-09-21,4230.0,2151,65.0,2,profile,2026-10-01T08:53:55+00:00
199301564,2026-09-27,2026-09-21,4180.0,1475,83.0,1,profile,2026-10-01T08:53:55+00:00
199940540,2026-09-27,2026-09-21,17800.0,8940,359.0,3,leaderboard,2026-10-01T15:47:44+00:00
200824738,2026-09-27,2026-09-21,6450.0,2364,0,2,profile,2026-10-01T08:53:55+00:00
201644445,2026-09-27,2026-09-21,9470.0,3946,216.0,4,profile,2026-10-01T08:53:55+00:00
2033813827,2026-09-27,2026-09-21,6840.0,2485,105.0,2,profile,2026-10-01T08:53:55+00:00
203782547,2026-09-27,2026-09-21,6710.0,2763,0,1,profile,2026-10-01T08:53:55+00:00
203802378,2026-09-27,2026-09-21,7580.0,2988,0,2,profile,2026-10-01T08:53:55+00:00
203948646,2026-09-27,2026-09-21,6500.0,2741,132.0,2,profile,2026-10-01T08:53:55+00:00
203962651,2026-09-27,2026-09-21,4620.0,1672,0,1,profile,2026-10-01T08:53:55+00:00
204262058,2026-09-27,2026-09-21,5990.0,2041,0,1,profile,2026-10-01T08:53:55+00:00
2045659159,2026-09-27,2026-09-21,6170.0,2870,78.0,2,profile,2026-10-01T08:53:55+00:00
2048047143,2026-09-27,2026-09-21,5200.0,2264,112.0,2,profile,2026-10-01T08:53:55+00:00
205841765,2026-09-27,2026-09-21,3190.0,1373,0,1,profile,2026-10-01T08:53:55+00:00
206593849,2026-09-27,2026-09-21,10230.0,3513,118.0,3,profile,2026-10-01T08:53:55+00:00
207082437,2026-09-27,2026-09-21,2400.0,658,52.0,1,profile,2026-10-01T08:53:55+00:00
21881038,2026-09-27,2026-09-21,22400.0,7920,15.0,4,leaderboard,2026-10-01T15:47:44+00:00
22751016,2026-09-27,2026-09-21,1070.0,490,0,1,profile,2026-10-01T08:53:55+00:00
23119791,2026-09-27,2026-09-21,38300.0,18900,870.0,4,leaderboard,2026-10-01T15:47:44+00:00
24255160,2026-09-27,2026-09-21,17500.0,5400,4.0,4,leaderboard,2026-10-01T15:47:44+00:00
27521574,2026-09-27,2026-09-21,33600.0,19920,138.0,6,leaderboard,2026-10-01T15:47:44+00:00
27799486,2026-09-27,2026-09-21,94600.0,30840,254.0,10,leaderboard,2026-10-01T15:47:44+00:00
28971696,2026-09-27,2026-09-21,24900.0,29940,28.0,10,leaderboard,2026-10-01T15:47:44+00:00
29786655,2026-09-27,2026-09-21,16300.0,5400,198.0,3,leaderboard,2026-10-01T15:47:44+00:00
311541283,2026-09-27,2026-09-21,12100.0,4800,227.0,4,leaderboard,2026-10-01T15:47:44+00:00
321618515,2026-09-27,2026-09-21,23700.0,30780,62.0,7,leaderboard,2026-10-01T15:47:44+00:00
3399026,2026-09-27,2026-09-21,25000.0,10380,52.0,2,leaderboard,2026-10-01T15:47:44+00:00
3473035,2026-09-27,2026-09-21,4540.0,1753,0,1,profile,2026-10-01T08:53:55+00:00
35877177,2026-09-27,2026-09-21,31500.0,39180,1311.0,7,leaderboard,2026-10-01T15:47:44+00:00
363624620,2026-09-27,2026-09-21,7380.0,3627,143.0,6,profile,2026-10-01T08:53:55+00:00
369928707,2026-09-27,2026-09-21,3590.0,1299,49.0,2,profile,2026-10-01T08:53:55+00:00
39804426,2026-09-27,2026-09-21,2730.0,2884,0,2,profile,2026-10-01T08:53:55+00:00
39952568,2026-09-27,2026-09-21,14600.0,5400,53.0,3,leaderboard,2026-10-01T15:47:44+00:00
40109055,2026-09-27,2026-09-21,9420.0,3085,0,2,profile,2026-10-01T08:53:55+00:00
428335349,2026-09-27,2026-09-21,5460.0,2317,0,2,profile,2026-10-01T08:53:55+00:00
447368714,2026-09-27,2026-09-21,16650.0,13338,356.0,9,profile,2026-10-01T08:53:55+00:00
457061847,2026-09-27,2026-09-21,21200.0,9720,364.0,5,leaderboard,2026-10-01T15:47:44+00:00
46143071,2026-09-27,2026-09-21,6040.0,2407,0,1,profile,2026-10-01T08:53:55+00:00
46309973,2026-09-27,2026-09-21,9010.0,3595,195.0,3,profile,2026-10-01T08:53:55+00:00
467716159,2026-09-27,2026-09-21,23900.0,7498,122.0,6,profile,2026-10-01T08:53:55+00:00
50087178,2026-09-27,2026-09-21,6900.0,3076,106.0,2,profile,2026-10-01T08:53:55+00:00
52120469,2026-09-27,2026-09-21,4120.0,1458,82.0,1,profile,2026-10-01T08:53:55+00:00
53682422,2026-09-27,2026-09-21,13120.0,6135,0,3,profile,2026-10-01T08:53:55+00:00
53931622,2026-09-27,2026-09-21,3870.0,4276,40.0,3,profile,2026-10-01T08:53:55+00:00
563743137,2026-09-27,2026-09-21,11550.0,5423,98.0,5,profile,2026-10-01T08:53:55+00:00
564463530,2026-09-27,2026-09-21,18400.0,7260,123.0,4,leaderboard,2026-10-01T15:47:44+00:00
57443105,2026-09-27,2026-09-21,13300.0,5520,110.0,4,leaderboard,2026-10-01T15:47:44+00:00
578477417,2026-09-27,2026-09-21,12100.0,6180,165.0,6,leaderboard,2026-10-01T15:47:44+00:00
61688773,2026-09-27,2026-09-21,2400.0,839,0,1,profile,2026-10-01T08:53:55+00:00
619192671,2026-09-27,2026-09-21,8180.0,4125,0,2,profile,2026-10-01T08:53:55+00:00
624792231,2026-09-27,2026-09-21,7360.0,3421,0,2,profile,2026-10-01T08:53:55+00:00
636557046,2026-09-27,2026-09-21,5460.0,1966,0,2,profile,2026-10-01T08:53:55+00:00
64179592,2026-09-27,2026-09-21,11130.0,4108,211.0,2,profile,2026-10-01T08:53:55+00:00
64519239,2026-09-27,2026-09-21,6260.0,3197,74.0,2,profile,2026-10-01T08:53:55+00:00
65548123,2026-09-27,2026-09-21,49700.0,37620,1622.0,6,leaderboard,2026-10-01T15:47:44+00:00
660621407,2026-09-27,2026-09-21,8120.0,4612,131.0,3,profile,2026-10-01T08:53:55+00:00
666291145,2026-09-27,2026-09-21,5390.0,2311,0,2,profile,2026-10-01T08:53:55+00:00
66797450,2026-09-27,2026-09-21,9650.0,4700,154.0,5,profile,2026-10-01T08:53:55+00:00
67757081,2026-09-27,2026-09-21,3200.0,1066,0,1,profile,2026-10-01T08:53:55+00:00
68100013,2026-09-27,2026-09-21,2410.0,654,0,1,profile,2026-10-01T08:53:55+00:00
70370600,2026-09-27,2026-09-21,24500.0,9360,48.0,4,leaderboard,2026-10-01T15:47:44+00:00
7099765,2026-09-27,2026-09-21,13140.0,9193,128.0,4,profile,2026-10-01T08:53:55+00:00
71196428,2026-09-27,2026-09-21,16530.0,6175,539.0,6,profile,2026-10-01T08:53:55+00:00
71248863,2026-09-27,2026-09-21,61400.0,31320,386.0,19,leaderboard,2026-10-01T15:47:44+00:00
71374919,2026-09-27,2026-09-21,4650.0,1458,0,2,profile,2026-10-01T08:53:55+00:00
71492207,2026-09-27,2026-09-21,4000.0,1412,0,1,profile,2026-10-01T08:53:55+00:00
72368028,2026-09-27,2026-09-21,14100.0,7680,123.0,3,leaderboard,2026-10-01T15:47:44+00:00
72823803,2026-09-27,2026-09-21,8060.0,6800,167.0,4,profile,2026-10-01T08:53:55+00:00
728364162,2026-09-27,2026-09-21,7740.0,2754,0,4,profile,2026-10-01T08:53:55+00:00
73152201,2026-09-27,2026-09-21,22500.0,20880,582.0,4,leaderboard,2026-10-01T15:47:44+00:00
73295637,2026-09-27,2026-09-21,12400.0,3600,306.0,4,leaderboard,2026-10-01T15:47:44+00:00
75965267,2026-09-27,2026-09-21,23100.0,7260,60.0,4,leaderboard,2026-10-01T15:47:44+00:00
772349693,2026-09-27,2026-09-21,2150.0,548,45.0,1,profile,2026-10-01T08:53:55+00:00
77733690,2026-09-27,2026-09-21,5100.0,1759,0,1,profile,2026-10-01T08:53:55+00:00
77749742,2026-09-27,2026-09-21,29000.0,13560,352.0,7,leaderboard,2026-10-01T15:47:44+00:00
78556295,2026-09-27,2026-09-21,5300.0,1790,112.0,1,profile,2026-10-01T08:53:55+00:00
78755580,2026-09-27,2026-09-21,2420.0,659,0,1,profile,2026-10-01T08:53:55+00:00
78839312,2026-09-27,2026-09-21,5390.0,1782,0,1,profile,2026-10-01T08:53:55+00:00
79214730,2026-09-27,2026-09-21,5820.0,2294,0,2,profile,2026-10-01T08:53:55+00:00
79562714,2026-09-27,2026-09-21,3280.0,1607,68.0,1,profile,2026-10-01T08:53:55+00:00
79725515,2026-09-27,2026-09-21,19500.0,14340,133.0,5,leaderboard,2026-10-01T15:47:44+00:00
79840635,2026-09-27,2026-09-21,2410.0,856,0,1,profile,2026-10-01T08:53:55+00:00
798417968,2026-09-27,2026-09-21,7890.0,3404,121.0,4,profile,2026-10-01T08:53:55+00:00
79881725,2026-09-27,2026-09-21,7460.0,2585,108.0,2,profile,2026-10-01T08:53:55+00:00
79973945,2026-09-27,2026-09-21,28800.0,10620,132.0,4,leaderboard,2026-10-01T15:47:44+00:00
80356918,2026-09-27,2026-09-21,4110.0,1379,0,1,profile,2026-10-01T08:53:55+00:00
80529470,2026-09-27,2026-09-21,8900.0,4313,137.0,3,profile,2026-10-01T08:53:55+00:00
80643624,2026-09-27,2026-09-21,6480.0,1984,90.0,2,profile,2026-10-01T08:53:55+00:00
80962601,2026-09-27,2026-09-21,12100.0,7080,194.0,4,leaderboard,2026-10-01T15:47:44+00:00
82197781,2026-09-27,2026-09-21,12200.0,7080,20.0,3,leaderboard,2026-10-01T15:47:44+00:00
83458326,2026-09-27,2026-09-21,7490.0,3214,0,1,profile,2026-10-01T08:53:55+00:00
83776009,2026-09-27,2026-09-21,7970.0,4039,134.0,5,profile,2026-10-01T08:53:55+00:00
83920919,2026-09-27,2026-09-21,17800.0,16260,428.0,5,leaderboard,2026-10-01T15:47:44+00:00
84097989,2026-09-27,2026-09-21,2090.0,1261,48.0,4,profile,2026-10-01T08:53:55+00:00
84341125,2026-09-27,2026-09-21,20700.0,9000,130.0,4,leaderboard,2026-10-01T15:47:44+00:00
85321513,2026-09-27,2026-09-21,5000.0,1755,0,1,profile,2026-10-01T08:53:55+00:00
85400772,2026-09-27,2026-09-21,20100.0,6900,446.0,1,leaderboard,2026-10-01T15:47:44+00:00
85567976,2026-09-27,2026-09-21,5040.0,1478,0,1,profile,2026-10-01T08:53:55+00:00
85736624,2026-09-27,2026-09-21,9430.0,4813,0,2,profile,2026-10-01T08:53:55+00:00
85806908,2026-09-27,2026-09-21,5950.0,2550,81.0,2,profile,2026-10-01T08:53:55+00:00
85932943,2026-09-27,2026-09-21,46000.0,15420,51.0,5,leaderboard,2026-10-01T15:47:44+00:00
85952484,2026-09-27,2026-09-21,2130.0,667,0,1,profile,2026-10-01T08:53:55+00:00
86838614,2026-09-27,2026-09-21,6470.0,2696,116.0,3,profile,2026-10-01T08:53:55+00:00
87276442,2026-09-27,2026-09-21,20000.0,6780,11.0,2,leaderboard,2026-10-01T15:47:44+00:00
878275442,2026-09-27,2026-09-21,6510.0,3743,67.0,4,profile,2026-10-01T08:53:55+00:00
88039032,2026-09-27,2026-09-21,4650.0,2230,100.0,1,profile,2026-10-01T08:53:55+00:00
88141864,2026-09-27,2026-09-21,15800.0,5820,23.0,5,leaderboard,2026-10-01T15:47:44+00:00
88199922,2026-09-27,2026-09-21,55330.0,19542,567.0,5,profile,2026-10-01T08:53:55+00:00
882080520,2026-09-27,2026-09-21,8760.0,4902,176.0,2,profile,2026-10-01T08:53:55+00:00
88234067,2026-09-27,2026-09-21,9340.0,5920,318.0,4,profile,2026-10-01T08:53:55+00:00
88555299,2026-09-27,2026-09-21,4060.0,2221,97.0,1,profile,2026-10-01T08:53:55+00:00
88558404,2026-09-27,2026-09-21,5110.0,1827,107.0,1,profile,2026-10-01T08:53:55+00:00
88727027,2026-09-27,2026-09-21,16000.0,5220,326.0,4,leaderboard,2026-10-01T15:47:44+00:00
88727615,2026-09-27,2026-09-21,9360.0,3367,88.0,2,profile,2026-10-01T08:53:55+00:00
89357728,2026-09-27,2026-09-21,19000.0,7920,24.0,5,leaderboard,2026-10-01T15:47:44+00:00
90503677,2026-09-27,2026-09-21,4020.0,1152,90.0,1,profile,2026-10-01T08:53:55+00:00
90542247,2026-09-27,2026-09-21,7990.0,4034,151.0,4,profile,2026-10-01T08:53:55+00:00
906570432,2026-09-27,2026-09-21,4890.0,2941,82.0,2,profile,2026-10-01T08:53:55+00:00
91078242,2026-09-27,2026-09-21,2170.0,658,0,1,profile,2026-10-01T08:53:55+00:00
91343174,2026-09-27,2026-09-21,5280.0,3216,0,1,profile,2026-10-01T08:53:55+00:00
91348499,2026-09-27,2026-09-21,800.0,439,0,1,profile,2026-10-01T08:53:55+00:00
91973877,2026-09-27,2026-09-21,14900.0,6780,219.0,4,leaderboard,2026-10-01T15:47:44+00:00
92466443,2026-09-27,2026-09-21,1850.0,1818,0,1,profile,2026-10-01T08:53:55+00:00
92960264,2026-09-27,2026-09-21,90700.0,68160,474.0,18,leaderboard,2026-10-01T15:47:44+00:00
932417808,2026-09-27,2026-09-21,6590.0,3597,131.0,3,profile,2026-10-01T08:53:55+00:00
94747647,2026-09-27,2026-09-21,5930.0,5700,58.0,1,profile,2026-10-01T08:53:55+00:00
95413681,2026-09-27,2026-09-21,11620.0,4301,196.0,3,profile,2026-10-01T08:53:55+00:00
95485721,2026-09-27,2026-09-21,13100.0,11556,2.0,11,profile,2026-10-01T08:53:55+00:00
960965393,2026-09-27,2026-09-21,3520.0,1623,73.0,1,profile,2026-10-01T08:53:55+00:00
964360293,2026-09-27,2026-09-21,6510.0,2404,138.0,2,profile,2026-10-01T08:53:55+00:00
972978970,2026-09-27,2026-09-21,5670.0,1859,64.0,2,profile,2026-10-01T08:53:55+00:00
973907811,2026-09-27,2026-09-21,1060.0,662,91.0,1,profile,2026-10-01T08:53:55+00:00
976304399,2026-09-27,2026-09-21,11390.0,8371,151.0,9,profile,2026-10-01T08:53:55+00:00
98501936,2026-09-27,2026-09-21,9000.0,2817,90.0,3,profile,2026-10-01T08:53:55+00:00
99536214,2026-09-27,2026-09-21,4140.0,1691,0,1,profile,2026-10-01T08:53:55+00:00
99914785,2026-09-27,2026-09-21,4640.0,1492,5.0,2,profile,2026-10-01T08:53:55+00:00
100017228,2026-10-01,2026-09-28,8100.0,3480,174.0,4,leaderboard,2026-10-01T15:47:44+00:00
100035100,2026-10-01,2026-09-28,31500.0,10200,3.0,3,leaderboard,2026-10-01T15:47:44+00:00
100084812,2026-10-01,2026-09-28,3540.0,1969,75.0,1,profile,2026-10-01T15:47:44+00:00
100477885,2026-10-01,2026-09-28,18500.0,7920,387.0,3,leaderboard,2026-10-01T15:47:44+00:00
100754249,2026-10-01,2026-09-28,1670.0,984,34.0,1,profile,2026-10-01T15:47:44+00:00
10265375,2026-10-01,2026-09-28,6190.0,2497,0,2,profile,2026-10-01T15:47:44+00:00
1032853960,2026-10-01,2026-09-28,2410.0,2027,51.0,2,profile,2026-10-01T15:47:44+00:00
104519856,2026-10-01,2026-09-28,3430.0,1270,74.0,1,profile,2026-10-01T15:47:44+00:00
1045810176,2026-10-01,2026-09-28,3970.0,1908,83.0,2,profile,2026-10-01T15:47:44+00:00
10480079,2026-10-01,2026-09-28,5040.0,2024,0,1,profile,2026-10-01T15:47:44+00:00
1052869810,2026-10-01,2026-09-28,2420.0,1286,50.0,1,profile,2026-10-01T15:47:44+00:00
1055628642,2026-10-01,2026-09-28,5530.0,2072,0,2,profile,2026-10-01T15:47:44+00:00
106645250,2026-10-01,2026-09-28,5020.0,1927,0,1,profile,2026-10-01T15:47:44+00:00
107612077,2026-10-01,2026-09-28,6000.0,2278,0,1,profile,2026-10-01T15:47:44+00:00
107808846,2026-10-01,2026-09-28,8900.0,4860,197.0,3,leaderboard,2026-10-01T15:47:44+00:00
108546052,2026-10-01,2026-09-28,5200.0,1485,0,1,profile,2026-10-01T15:47:44+00:00
109313656,2026-10-01,2026-09-28,13100.0,6240,69.0,3,leaderboard,2026-10-01T15:47:44+00:00
109475426,2026-10-01,2026-09-28,19800.0,7200,405.0,2,leaderboard,2026-10-01T15:47:44+00:00
110613308,2026-10-01,2026-09-28,8200.0,4200,7.0,2,leaderboard,2026-10-01T15:47:44+00:00
110727058,2026-10-01,2026-09-28,22100.0,9540,101.0,2,leaderboard,2026-10-01T15:47:44+00:00
110858656,2026-10-01,2026-09-28,9300.0,4620,13.0,3,leaderboard,2026-10-01T15:47:44+00:00
1112085991,2026-10-01,2026-09-28,2540.0,1310,0,1,profile,2026-10-01T15:47:44+00:00
111239944,2026-10-01,2026-09-28,8400.0,3180,52.0,2,leaderboard,2026-10-01T15:47:44+00:00
111449733,2026-10-01,2026-09-28,14800.0,8820,272.0,5,leaderboard,2026-10-01T15:47:44+00:00
112728077,2026-10-01,2026-09-28,7190.0,2578,0,2,profile,2026-10-01T15:47:44+00:00
113362000,2026-10-01,2026-09-28,12000.0,2880,97.0,1,leaderboard,2026-10-01T15:47:44+00:00
1136190508,2026-10-01,2026-09-28,4940.0,1871,0,2,profile,2026-10-01T15:47:44+00:00
114308377,2026-10-01,2026-09-28,16700.0,13200,164.0,6,leaderboard,2026-10-01T15:47:44+00:00
114848114,2026-10-01,2026-09-28,7620.0,3280,143.0,3,profile,2026-10-01T15:47:44+00:00
115074455,2026-10-01,2026-09-28,3430.0,2458,1.0,2,profile,2026-10-01T15:47:44+00:00
115077579,2026-10-01,2026-09-28,4750.0,1625,0,2,profile,2026-10-01T15:47:44+00:00
116011578,2026-10-01,2026-09-28,12700.0,3960,15.0,2,leaderboard,2026-10-01T15:47:44+00:00
116168250,2026-10-01,2026-09-28,1280.0,638,0,1,profile,2026-10-01T15:47:44+00:00
118781050,2026-10-01,2026-09-28,10600.0,3720,26.0,3,leaderboard,2026-10-01T15:47:44+00:00
11879248,2026-10-01,2026-09-28,13000.0,4560,106.0,3,leaderboard,2026-10-01T15:47:44+00:00
1195981575,2026-10-01,2026-09-28,3780.0,1065,81.0,1,profile,2026-10-01T15:47:44+00:00
1202632109,2026-10-01,2026-09-28,10100.0,4920,203.0,3,leaderboard,2026-10-01T15:47:44+00:00
120401037,2026-10-01,2026-09-28,1450.0,659,0,1,profile,2026-10-01T15:47:44+00:00
120477487,2026-10-01,2026-09-28,17300.0,6600,364.0,3,leaderboard,2026-10-01T15:47:44+00:00
120662764,2026-10-01,2026-09-28,20000.0,12840,204.0,2,leaderboard,2026-10-01T15:47:44+00:00
120724552,2026-10-01,2026-09-28,5320.0,2170,0,3,profile,2026-10-01T15:47:44+00:00
1214400201,2026-10-01,2026-09-28,7760.0,7380,152.0,2,profile,2026-10-01T15:47:44+00:00
1223997665,2026-10-01,2026-09-28,13700.0,5580,271.0,9,leaderboard,2026-10-01T15:47:44+00:00
122674914,2026-10-01,2026-09-28,3890.0,1491,86.0,1,profile,2026-10-01T15:47:44+00:00
123426273,2026-10-01,2026-09-28,3330.0,2031,76.0,1,profile,2026-10-01T15:47:44+00:00
123739150,2026-10-01,2026-09-28,5470.0,2338,130.0,1,profile,2026-10-01T15:47:44+00:00
124703756,2026-10-01,2026-09-28,3040.0,1411,0,1,profile,2026-10-01T15:47:44+00:00
124868467,2026-10-01,2026-09-28,3600.0,2224,75.0,1,profile,2026-10-01T15:47:44+00:00
1268235870,2026-10-01,2026-09-28,7590.0,2902,171.0,2,profile,2026-10-01T15:47:44+00:00
127939240,2026-10-01,2026-09-28,25600.0,17280,365.0,12,leaderboard,2026-10-01T15:47:44+00:00
132102005,2026-10-01,2026-09-28,2680.0,1103,0,1,profile,2026-10-01T15:47:44+00:00
132124444,2026-10-01,2026-09-28,10000.0,4080,43.0,1,leaderboard,2026-10-01T15:47:44+00:00
132628474,2026-10-01,2026-09-28,8750.0,5965,51.0,3,profile,2026-10-01T15:47:44+00:00
1331939347,2026-10-01,2026-09-28,4090.0,1788,0,1,profile,2026-10-01T15:47:44+00:00
133470756,2026-10-01,2026-09-28,8700.0,4380,44.0,2,leaderboard,2026-10-01T15:47:44+00:00
133768869,2026-10-01,2026-09-28,14900.0,6300,8.0,4,leaderboard,2026-10-01T15:47:44+00:00
133863803,2026-10-01,2026-09-28,4600.0,1843,96.0,1,profile,2026-10-01T15:47:44+00:00
1341225104,2026-10-01,2026-09-28,170.0,141,0,1,profile,2026-10-01T15:47:44+00:00
135356920,2026-10-01,2026-09-28,9900.0,3540,201.0,3,leaderboard,2026-10-01T15:47:44+00:00
135930785,2026-10-01,2026-09-28,7900.0,3300,168.0,2,leaderboard,2026-10-01T15:47:44+00:00
136696478,2026-10-01,2026-09-28,12300.0,7680,226.0,6,leaderboard,2026-10-01T15:47:44+00:00
1367246648,2026-10-01,2026-09-28,2460.0,1381,55.0,1,profile,2026-10-01T15:47:44+00:00
139521986,2026-10-01,2026-09-28,8800.0,4380,188.0,3,leaderboard,2026-10-01T15:47:44+00:00
1405528165,2026-10-01,2026-09-28,3190.0,2860,0,2,profile,2026-10-01T15:47:44+00:00
141358214,2026-10-01,2026-09-28,4620.0,3020,0,2,profile,2026-10-01T15:47:44+00:00
141567060,2026-10-01,2026-09-28,4420.0,2663,51.0,2,profile,2026-10-01T15:47:44+00:00
143147118,2026-10-01,2026-09-28,2810.0,2306,79.0,2,profile,2026-10-01T15:47:44+00:00
143906121,2026-10-01,2026-09-28,11600.0,4560,241.0,2,leaderboard,2026-10-01T15:47:44+00:00
1447891160,2026-10-01,2026-09-28,2410.0,1295,53.0,1,profile,2026-10-01T15:47:44+00:00
145507555,2026-10-01,2026-09-28,10200.0,3720,8.0,2,leaderboard,2026-10-01T15:47:44+00:00
146002130,2026-10-01,2026-09-28,24940.0,5119,0,2,profile,2026-10-01T15:47:44+00:00
146502370,2026-10-01,2026-09-28,14800.0,4980,324.0,2,leaderboard,2026-10-01T15:47:44+00:00
1467341794,2026-10-01,2026-09-28,2380.0,1543,39.0,2,profile,2026-10-01T15:47:44+00:00
1484419724,2026-10-01,2026-09-28,2680.0,1350,55.0,1,profile,2026-10-01T15:47:44+00:00
1490218349,2026-10-01,2026-09-28,2430.0,1334,53.0,1,profile,2026-10-01T15:47:44+00:00
150662631,2026-10-01,2026-09-28,5010.0,1696,0,1,profile,2026-10-01T15:47:44+00:00
150713780,2026-10-01,2026-09-28,4000.0,1231,87.0,1,profile,2026-10-01T15:47:44+00:00
15091569,2026-10-01,2026-09-28,25800.0,9720,74.0,4,leaderboard,2026-10-01T15:47:44+00:00
151865501,2026-10-01,2026-09-28,8500.0,2700,20.0,2,leaderboard,2026-10-01T15:47:44+00:00
152340879,2026-10-01,2026-09-28,10100.0,3720,0.0,1,leaderboard,2026-10-01T15:47:44+00:00
1526822034,2026-10-01,2026-09-28,45500.0,44160,394.0,28,leaderboard,2026-10-01T15:47:44+00:00
152788103,2026-10-01,2026-09-28,4240.0,1064,0,4,profile,2026-10-01T15:47:44+00:00
152934564,2026-10-01,2026-09-28,10200.0,23040,27.0,2,leaderboard,2026-10-01T15:47:44+00:00
153068309,2026-10-01,2026-09-28,3040.0,1283,0,1,profile,2026-10-01T15:47:44+00:00
154079240,2026-10-01,2026-09-28,3230.0,1399,70.0,1,profile,2026-10-01T15:47:44+00:00
1547329003,2026-10-01,2026-09-28,23840.0,4738,35.0,2,profile,2026-10-01T15:47:44+00:00
155939935,2026-10-01,2026-09-28,9300.0,3480,15.0,4,leaderboard,2026-10-01T15:47:44+00:00
1566906229,2026-10-01,2026-09-28,5260.0,2178,0,1,profile,2026-10-01T15:47:44+00:00
157024690,2026-10-01,2026-09-28,5100.0,1434,107.0,1,profile,2026-10-01T15:47:44+00:00
157502017,2026-10-01,2026-09-28,14320.0,5135,0,2,profile,2026-10-01T15:47:44+00:00
157900821,2026-10-01,2026-09-28,9000.0,3660,53.0,2,leaderboard,2026-10-01T15:47:44+00:00
157934075,2026-10-01,2026-09-28,2700.0,1456,0,1,profile,2026-10-01T15:47:44+00:00
158225435,2026-10-01,2026-09-28,3260.0,1141,0,1,profile,2026-10-01T15:47:44+00:00
159220662,2026-10-01,2026-09-28,2510.0,1325,54.0,1,profile,2026-10-01T15:47:44+00:00
159549407,2026-10-01,2026-09-28,13900.0,5820,279.0,5,leaderboard,2026-10-01T15:47:44+00:00
1598227059,2026-10-01,2026-09-28,6040.0,2284,78.0,2,profile,2026-10-01T15:47:44+00:00
1604453745,2026-10-01,2026-09-28,2450.0,1286,51.0,1,profile,2026-10-01T15:47:44+00:00
161247740,2026-10-01,2026-09-28,2460.0,789,0,1,profile,2026-10-01T15:47:44+00:00
161831314,2026-10-01,2026-09-28,7280.0,5002,72.0,2,profile,2026-10-01T15:47:44+00:00
162127012,2026-10-01,2026-09-28,10000.0,3900,71.0,1,leaderboard,2026-10-01T15:47:44+00:00
162779719,2026-10-01,2026-09-28,10500.0,4260,212.0,2,leaderboard,2026-10-01T15:47:44+00:00
1628083109,2026-10-01,2026-09-28,3070.0,1030,65.0,1,profile,2026-10-01T15:47:44+00:00
164845584,2026-10-01,2026-09-28,8200.0,3240,178.0,2,leaderboard,2026-10-01T15:47:44+00:00
1692646933,2026-10-01,2026-09-28,8300.0,2940,182.0,2,leaderboard,2026-10-01T15:47:44+00:00
1693285525,2026-10-01,2026-09-28,3010.0,1216,0,1,profile,2026-10-01T15:47:44+00:00
170365151,2026-10-01,2026-09-28,7020.0,3435,0,2,profile,2026-10-01T15:47:44+00:00
171043001,2026-10-01,2026-09-28,3610.0,1264,0,2,profile,2026-10-01T15:47:44+00:00
171942690,2026-10-01,2026-09-28,24100.0,10620,7.0,4,leaderboard,2026-10-01T15:47:44+00:00
171954993,2026-10-01,2026-09-28,7060.0,4985,113.0,4,profile,2026-10-01T15:47:44+00:00
173103307,2026-10-01,2026-09-28,3000.0,918,0,1,profile,2026-10-01T15:47:44+00:00
17365525,2026-10-01,2026-09-28,15700.0,7140,100.0,3,leaderboard,2026-10-01T15:47:44+00:00
174687887,2026-10-01,2026-09-28,13900.0,8940,253.0,5,leaderboard,2026-10-01T15:47:44+00:00
175752894,2026-10-01,2026-09-28,3170.0,1528,73.0,1,profile,2026-10-01T15:47:44+00:00
1771912550,2026-10-01,2026-09-28,3120.0,2130,0,1,profile,2026-10-01T15:47:44+00:00
177326285,2026-10-01,2026-09-28,11800.0,8940,187.0,3,leaderboard,2026-10-01T15:47:44+00:00
1774908317,2026-10-01,2026-09-28,8000.0,5280,28.0,2,leaderboard,2026-10-01T15:47:44+00:00
177612856,2026-10-01,2026-09-28,10100.0,3240,29.0,1,leaderboard,2026-10-01T15:47:44+00:00
184714218,2026-10-01,2026-09-28,15200.0,6780,332.0,5,leaderboard,2026-10-01T15:47:44+00:00
1847934457,2026-10-01,2026-09-28,6330.0,4108,0,5,profile,2026-10-01T15:47:44+00:00
187894549,2026-10-01,2026-09-28,13200.0,8640,218.0,4,leaderboard,2026-10-01T15:47:44+00:00
1884997278,2026-10-01,2026-09-28,6750.0,3118,139.0,2,profile,2026-10-01T15:47:44+00:00
188794616,2026-10-01,2026-09-28,9000.0,4020,56.0,2,leaderboard,2026-10-01T15:47:44+00:00
189047270,2026-10-01,2026-09-28,2930.0,1135,0,1,profile,2026-10-01T15:47:44+00:00
189069646,2026-10-01,2026-09-28,3370.0,1312,74.0,1,profile,2026-10-01T15:47:44+00:00
191332072,2026-10-01,2026-09-28,2770.0,1207,63.0,1,profile,2026-10-01T15:47:44+00:00
192142661,2026-10-01,2026-09-28,5500.0,3574,0,1,profile,2026-10-01T15:47:44+00:00
192170719,2026-10-01,2026-09-28,29200.0,12060,620.0,5,leaderboard,2026-10-01T15:47:44+00:00
192512132,2026-10-01,2026-09-28,25700.0,10620,455.0,15,leaderboard,2026-10-01T15:47:44+00:00
193386119,2026-10-01,2026-09-28,3460.0,2161,0,1,profile,2026-10-01T15:47:44+00:00
195798436,2026-10-01,2026-09-28,2330.0,1500,0,1,profile,2026-10-01T15:47:44+00:00
196122264,2026-10-01,2026-09-28,2150.0,1116,47.0,1,profile,2026-10-01T15:47:44+00:00
196225817,2026-10-01,2026-09-28,5000.0,2459,108.0,1,profile,2026-10-01T15:47:44+00:00
19669900,2026-10-01,2026-09-28,2600.0,1025,0,1,profile,2026-10-01T15:47:44+00:00
197255581,2026-10-01,2026-09-28,3700.0,1441,78.0,1,profile,2026-10-01T15:47:44+00:00
1975053728,2026-10-01,2026-09-28,5710.0,1749,0,2,profile,2026-10-01T15:47:44+00:00
198739620,2026-10-01,2026-09-28,1430.0,799,0,1,profile,2026-10-01T15:47:44+00:00
201644445,2026-10-01,2026-09-28,17100.0,10020,349.0,6,leaderboard,2026-10-01T15:47:44+00:00
2033813827,2026-10-01,2026-09-28,2380.0,1284,51.0,1,profile,2026-10-01T15:47:44+00:00
203802378,2026-10-01,2026-09-28,9000.0,3120,8.0,2,leaderboard,2026-10-01T15:47:44+00:00
203948646,2026-10-01,2026-09-28,5000.0,1941,109.0,1,profile,2026-10-01T15:47:44+00:00
2048307954,2026-10-01,2026-09-28,2250.0,1689,10.0,1,profile,2026-10-01T15:47:44+00:00
205841765,2026-10-01,2026-09-28,2820.0,1189,0,1,profile,2026-10-01T15:47:44+00:00
206593849,2026-10-01,2026-09-28,2420.0,1278,50.0,1,profile,2026-10-01T15:47:44+00:00
207082437,2026-10-01,2026-09-28,3320.0,1628,76.0,1,profile,2026-10-01T15:47:44+00:00
21881038,2026-10-01,2026-09-28,9900.0,3480,24.0,2,leaderboard,2026-10-01T15:47:44+00:00
23119791,2026-10-01,2026-09-28,10000.0,3720,69.0,1,leaderboard,2026-10-01T15:47:44+00:00
24255160,2026-10-01,2026-09-28,18300.0,6000,32.0,2,leaderboard,2026-10-01T15:47:44+00:00
27521574,2026-10-01,2026-09-28,11800.0,4500,22.0,2,leaderboard,2026-10-01T15:47:44+00:00
27799486,2026-10-01,2026-09-28,60500.0,19740,180.0,6,leaderboard,2026-10-01T15:47:44+00:00
311541283,2026-10-01,2026-09-28,2880.0,1417,62.0,1,profile,2026-10-01T15:47:44+00:00
321618515,2026-10-01,2026-09-28,2670.0,1541,55.0,1,profile,2026-10-01T15:47:44+00:00
342021277,2026-10-01,2026-09-28,6660.0,1672,0,2,profile,2026-10-01T15:47:44+00:00
363624620,2026-10-01,2026-09-28,1680.0,1585,0,2,profile,2026-10-01T15:47:44+00:00
39804426,2026-10-01,2026-09-28,850.0,13800,0,1,profile,2026-10-01T15:47:44+00:00
39952568,2026-10-01,2026-09-28,7850.0,2577,0,2,profile,2026-10-01T15:47:44+00:00
405251015,2026-10-01,2026-09-28,5500.0,1985,0,1,profile,2026-10-01T15:47:44+00:00
44986384,2026-10-01,2026-09-28,10300.0,5880,159.0,5,leaderboard,2026-10-01T15:47:44+00:00
457061847,2026-10-01,2026-09-28,11100.0,4560,231.0,2,leaderboard,2026-10-01T15:47:44+00:00
46143071,2026-10-01,2026-09-28,6180.0,2842,0,1,profile,2026-10-01T15:47:44+00:00
46309973,2026-10-01,2026-09-28,10300.0,3960,204.0,2,leaderboard,2026-10-01T15:47:44+00:00
47562289,2026-10-01,2026-09-28,11800.0,3960,184.0,2,leaderboard,2026-10-01T15:47:44+00:00
50087178,2026-10-01,2026-09-28,9900.0,3600,211.0,3,leaderboard,2026-10-01T15:47:44+00:00
518303998,2026-10-01,2026-09-28,5170.0,2084,0,1,profile,2026-10-01T15:47:44+00:00
52120469,2026-10-01,2026-09-28,13000.0,5640,210.0,3,leaderboard,2026-10-01T15:47:44+00:00
553225496,2026-10-01,2026-09-28,7040.0,4709,0,2,profile,2026-10-01T15:47:44+00:00
564463530,2026-10-01,2026-09-28,16100.0,7500,71.0,4,leaderboard,2026-10-01T15:47:44+00:00
57443105,2026-10-01,2026-09-28,8940.0,3512,193.0,2,profile,2026-10-01T15:47:44+00:00
578477417,2026-10-01,2026-09-28,10800.0,6120,111.0,4,leaderboard,2026-10-01T15:47:44+00:00
64519239,2026-10-01,2026-09-28,5010.0,1589,113.0,1,profile,2026-10-01T15:47:44+00:00
65548123,2026-10-01,2026-09-28,5000.0,1424,0,1,profile,2026-10-01T15:47:44+00:00
666291145,2026-10-01,2026-09-28,1970.0,920,44.0,1,profile,2026-10-01T15:47:44+00:00
66797450,2026-10-01,2026-09-28,19000.0,7860,347.0,4,leaderboard,2026-10-01T15:47:44+00:00
69248105,2026-10-01,2026-09-28,5060.0,2061,0,1,profile,2026-10-01T15:47:44+00:00
70370600,2026-10-01,2026-09-28,24700.0,9420,161.0,5,leaderboard,2026-10-01T15:47:44+00:00
7099765,2026-10-01,2026-09-28,10200.0,4500,84.0,2,leaderboard,2026-10-01T15:47:44+00:00
71248863,2026-10-01,2026-09-28,42000.0,20280,289.0,11,leaderboard,2026-10-01T15:47:44+00:00
71492207,2026-10-01,2026-09-28,6010.0,2135,0,1,profile,2026-10-01T15:47:44+00:00
72368028,2026-10-01,2026-09-28,7010.0,2465,0,1,profile,2026-10-01T15:47:44+00:00
72823803,2026-10-01,2026-09-28,13000.0,9420,240.0,5,leaderboard,2026-10-01T15:47:44+00:00
728364162,2026-10-01,2026-09-28,3580.0,1317,0,2,profile,2026-10-01T15:47:44+00:00
73152201,2026-10-01,2026-09-28,18200.0,22920,1206.0,1,leaderboard,2026-10-01T15:47:44+00:00
738209874,2026-10-01,2026-09-28,9600.0,3720,22.0,3,leaderboard,2026-10-01T15:47:44+00:00
75022646,2026-10-01,2026-09-28,2320.0,1827,0,1,profile,2026-10-01T15:47:44+00:00
75965267,2026-10-01,2026-09-28,32600.0,11460,36.0,3,leaderboard,2026-10-01T15:47:44+00:00
76263079,2026-10-01,2026-09-28,5150.0,2582,230.0,2,profile,2026-10-01T15:47:44+00:00
769156342,2026-10-01,2026-09-28,2480.0,1166,53.0,1,profile,2026-10-01T15:47:44+00:00
772349693,2026-10-01,2026-09-28,5290.0,1828,81.0,2,profile,2026-10-01T15:47:44+00:00
78296128,2026-10-01,2026-09-28,5140.0,1841,0,1,profile,2026-10-01T15:47:44+00:00
78614218,2026-10-01,2026-09-28,10700.0,5160,182.0,4,leaderboard,2026-10-01T15:47:44+00:00
78755580,2026-10-01,2026-09-28,8200.0,3360,1.0,2,leaderboard,2026-10-01T15:47:44+00:00
79214730,2026-10-01,2026-09-28,2070.0,1197,45.0,1,profile,2026-10-01T15:47:44+00:00
79725515,2026-10-01,2026-09-28,6340.0,4943,0,4,profile,2026-10-01T15:47:44+00:00
79730738,2026-10-01,2026-09-28,9600.0,4080,24.0,1,leaderboard,2026-10-01T15:47:44+00:00
80529470,2026-10-01,2026-09-28,7870.0,2934,173.0,2,profile,2026-10-01T15:47:44+00:00
81778281,2026-10-01,2026-09-28,5490.0,3569,0,1,profile,2026-10-01T15:47:44+00:00
822671723,2026-10-01,2026-09-28,11200.0,5520,60.0,4,leaderboard,2026-10-01T15:47:44+00:00
83776009,2026-10-01,2026-09-28,10900.0,5940,218.0,5,leaderboard,2026-10-01T15:47:44+00:00
83920919,2026-10-01,2026-09-28,3140.0,2760,46.0,2,profile,2026-10-01T15:47:44+00:00
84097989,2026-10-01,2026-09-28,9600.0,5760,38.0,2,leaderboard,2026-10-01T15:47:44+00:00
842201467,2026-10-01,2026-09-28,4390.0,1637,0,2,profile,2026-10-01T15:47:44+00:00
84341125,2026-10-01,2026-09-28,8300.0,2940,183.0,2,leaderboard,2026-10-01T15:47:44+00:00
85172622,2026-10-01,2026-09-28,4660.0,1614,101.0,1,profile,2026-10-01T15:47:44+00:00
85400772,2026-10-01,2026-09-28,3020.0,952,60.0,1,profile,2026-10-01T15:47:44+00:00
85695683,2026-10-01,2026-09-28,4050.0,3430,0,1,profile,2026-10-01T15:47:44+00:00
85736624,2026-10-01,2026-09-28,13300.0,4800,3.0,3,leaderboard,2026-10-01T15:47:44+00:00
85932943,2026-10-01,2026-09-28,11000.0,3900,6.0,1,leaderboard,2026-10-01T15:47:44+00:00
86038871,2026-10-01,2026-09-28,8100.0,3600,11.0,2,leaderboard,2026-10-01T15:47:44+00:00
86453052,2026-10-01,2026-09-28,9700.0,3720,0.0,1,leaderboard,2026-10-01T15:47:44+00:00
87093593,2026-10-01,2026-09-28,6590.0,2693,140.0,1,profile,2026-10-01T15:47:44+00:00
87276442,2026-10-01,2026-09-28,1280.0,1042,0,1,profile,2026-10-01T15:47:44+00:00
878275442,2026-10-01,2026-09-28,3190.0,1821,65.0,1,profile,2026-10-01T15:47:44+00:00
88039032,2026-10-01,2026-09-28,11700.0,6480,251.0,4,leaderboard,2026-10-01T15:47:44+00:00
88141864,2026-10-01,2026-09-28,4230.0,2029,0,2,profile,2026-10-01T15:47:44+00:00
88199922,2026-10-01,2026-09-28,59830.0,28324,581.0,2,profile,2026-10-01T15:47:44+00:00
882080520,2026-10-01,2026-09-28,10100.0,4200,213.0,1,leaderboard,2026-10-01T15:47:44+00:00
88234067,2026-10-01,2026-09-28,5830.0,2238,120.0,1,profile,2026-10-01T15:47:44+00:00
88564393,2026-10-01,2026-09-28,2370.0,1059,53.0,1,profile,2026-10-01T15:47:44+00:00
88727615,2026-10-01,2026-09-28,5000.0,1996,105.0,1,profile,2026-10-01T15:47:44+00:00
89357728,2026-10-01,2026-09-28,20500.0,8820,7.0,4,leaderboard,2026-10-01T15:47:44+00:00
89433618,2026-10-01,2026-09-28,17400.0,6120,142.0,3,leaderboard,2026-10-01T15:47:44+00:00
91078242,2026-10-01,2026-09-28,2030.0,634,0,1,profile,2026-10-01T15:47:44+00:00
91343174,2026-10-01,2026-09-28,6030.0,4278,0,2,profile,2026-10-01T15:47:44+00:00
91766687,2026-10-01,2026-09-28,11000.0,4500,229.0,2,leaderboard,2026-10-01T15:47:44+00:00
91772478,2026-10-01,2026-09-28,8600.0,4980,146.0,3,leaderboard,2026-10-01T15:47:44+00:00
92960264,2026-10-01,2026-09-28,74300.0,63660,632.0,12,leaderboard,2026-10-01T15:47:44+00:00
94765882,2026-10-01,2026-09-28,12000.0,4560,49.0,1,leaderboard,2026-10-01T15:47:44+00:00
95413681,2026-10-01,2026-09-28,2910.0,1279,65.0,1,profile,2026-10-01T15:47:44+00:00
95485721,2026-10-01,2026-09-28,28900.0,26880,109.0,8,leaderboard,2026-10-01T15:47:44+00:00
960965393,2026-10-01,2026-09-28,7460.0,2947,162.0,2,profile,2026-10-01T15:47:44+00:00
972978970,2026-10-01,2026-09-28,3450.0,1395,77.0,1,profile,2026-10-01T15:47:44+00:00
97398270,2026-10-01,2026-09-28,8500.0,3960,170.0,3,leaderboard,2026-10-01T15:47:44+00:00
976304399,2026-10-01,2026-09-28,19400.0,12780,282.0,15,leaderboard,2026-10-01T15:47:44+00:00
98563944,2026-10-01,2026-09-28,11100.0,7500,211.0,4,leaderboard,2026-10-01T15:47:44+00:00
99068373,2026-10-01,2026-09-28,6000.0,1800,0,1,profile,2026-10-01T15:47:44+00:00
99536214,2026-10-01,2026-09-28,2980.0,1135,63.0,1,profile,2026-10-01T15:47:44+00:00
