scraped_at,member_count
2026-09-27T10:20:02+00:00,1055
2026-09-28T04:47:51+00:00,1056
2026-09-28T09:47:57+00:00,1059
2026-09-28T10:47:53+00:00,1061
2026-09-28T11:47:51+00:00,1062
2026-09-28T12:47:56+00:00,1087
2026-09-29T06:47:53+00:00,1089
2026-09-30T03:47:50+00:00,1090
2026-09-30T12:47:46+00:00,1091
2026-09-30T15:47:45+00:00,1092
2026-10-01T14:33:05+00:00,1091
2026-10-02T04:47:40+00:00,1092
2026-10-04T16:47:43+00:00,1093
2026-10-06T03:47:54+00:00,1095
2026-10-06T08:47:57+00:00,1096
2026-10-06T14:47:41+00:00,1097
2026-10-07T05:59:16+00:00,1097
2026-10-07T07:36:30+00:00,1097
2026-10-07T07:48:41+00:00,1097
2026-10-07T08:49:02+00:00,1097
2026-10-07T09:49:11+00:00,1097
2026-10-07T10:48:52+00:00,1097
2026-10-07T11:48:52+00:00,1097
2026-10-07T12:48:47+00:00,1097
2026-10-07T13:48:47+00:00,1097
2026-10-07T14:48:52+00:00,1097
2026-10-07T15:48:47+00:00,1097
2026-10-07T16:48:52+00:00,1097
2026-10-07T17:48:49+00:00,1097
2026-10-07T18:48:52+00:00,1097
2026-10-07T19:48:54+00:00,1097
2026-10-07T20:48:49+00:00,1097
2026-10-07T21:48:43+00:00,1097
2026-10-07T22:49:06+00:00,1097
2026-10-07T23:48:45+00:00,1097
2026-10-08T00:48:50+00:00,1097
2026-10-08T01:48:47+00:00,1097
2026-10-08T02:48:46+00:00,1097
2026-10-08T03:48:47+00:00,1097
2026-10-08T04:48:45+00:00,1097
2026-10-08T06:48:52+00:00,1097
2026-10-08T07:49:01+00:00,1097
2026-10-08T08:48:48+00:00,1097
2026-10-08T09:48:50+00:00,1097
2026-10-08T10:48:54+00:00,1097
2026-10-08T11:48:53+00:00,1097
2026-10-08T12:48:49+00:00,1097
2026-10-08T13:48:49+00:00,1097
2026-10-08T14:48:57+00:00,1097
2026-10-08T15:48:55+00:00,1097
2026-10-08T16:48:59+00:00,1097
2026-10-08T17:48:53+00:00,1097
2026-10-08T18:48:54+00:00,1097
2026-10-08T19:48:51+00:00,1097
2026-10-08T20:48:47+00:00,1097
2026-10-08T21:48:46+00:00,1097
2026-10-08T22:48:51+00:00,1097
2026-10-08T23:48:50+00:00,1097
2026-10-09T00:48:47+00:00,1097
2026-10-09T01:48:43+00:00,1097
2026-10-09T02:48:43+00:00,1097
2026-10-09T03:48:54+00:00,1097
2026-10-09T04:48:50+00:00,1097
2026-10-09T05:48:53+00:00,1097
2026-10-09T06:48:51+00:00,1097
2026-10-09T07:48:51+00:00,1097
2026-10-09T08:48:49+00:00,1097
2026-10-09T09:48:52+00:00,1097
2026-10-09T10:48:55+00:00,1097
2026-10-09T11:48:53+00:00,1097
2026-10-09T12:48:51+00:00,1097
2026-10-09T13:48:53+00:00,1097
2026-10-09T14:50:18+00:00,1097
2026-10-09T15:48:55+00:00,1096
2026-10-09T16:48:51+00:00,1096
2026-10-09T17:48:57+00:00,1096
2026-10-09T18:48:47+00:00,1096
2026-10-09T19:48:53+00:00,1096
2026-10-09T20:48:52+00:00,1096
2026-10-09T22:49:13+00:00,1096
2026-10-09T23:48:55+00:00,1096
2026-10-10T00:48:48+00:00,1096
2026-10-10T01:48:45+00:00,1096
2026-10-10T02:48:46+00:00,1096
2026-10-10T03:48:44+00:00,1096
2026-10-10T04:48:47+00:00,1096
2026-10-10T05:48:52+00:00,1096
2026-10-10T06:48:51+00:00,1096
2026-10-10T07:48:55+00:00,1096
2026-10-10T08:48:57+00:00,1096
2026-10-10T09:48:57+00:00,1096
2026-10-10T10:49:00+00:00,1096
2026-10-10T11:48:55+00:00,1096
2026-10-10T12:48:55+00:00,1096
2026-10-10T13:48:54+00:00,1096
2026-10-10T14:48:55+00:00,1096
2026-10-10T15:48:55+00:00,1096
2026-10-10T16:48:48+00:00,1096
2026-10-10T17:48:48+00:00,1096
2026-10-10T18:48:56+00:00,1096
2026-10-10T19:48:48+00:00,1096
2026-10-10T20:48:48+00:00,1096
2026-10-10T21:48:48+00:00,1096
2026-10-10T22:48:47+00:00,1096
2026-10-10T23:48:50+00:00,1096
